mean_fit_time,std_fit_time,mean_score_time,std_score_time,param_max_depth,param_max_features,param_min_samples_leaf,param_min_samples_split,param_n_estimators,params,split0_test_score,split1_test_score,split2_test_score,split3_test_score,split4_test_score,mean_test_score,std_test_score,rank_test_score,split0_train_score,split1_train_score,split2_train_score,split3_train_score,split4_train_score,mean_train_score,std_train_score,CV_RMSE
0.40909600257873535,0.0010377646015653711,0.018758678436279298,0.00033187094082016917,,sqrt,1,2,100,"{'max_depth': None, 'max_features': 'sqrt', 'min_samples_leaf': 1, 'min_samples_split': 2, 'n_estimators': 100}",-0.9884921140402805,-0.849912341399858,-0.7975967460321967,-0.8683999585971968,-0.7723068067395901,-0.8553415933618244,0.07504438955571943,58,-0.3319298848090105,-0.33633971616408775,-0.32377676644100717,-0.3256243616783852,-0.3391022105052956,-0.33135458791955724,0.005923968213828715,0.8553415933618244
0.8151983737945556,0.00682788155331608,0.03490185737609863,0.0008287755879658854,,sqrt,1,2,200,"{'max_depth': None, 'max_features': 'sqrt', 'min_samples_leaf': 1, 'min_samples_split': 2, 'n_estimators': 200}",-0.9886231900709649,-0.8359692702673704,-0.7841094399611028,-0.8886074830069133,-0.7690656255176651,-0.8532750017648034,0.07967697112553797,56,-0.32329513851445024,-0.32176887101647067,-0.3167285107149565,-0.32077531669554404,-0.32736587077343904,-0.32198674154297213,0.0034586397060409374,0.8532750017648034
1.219416570663452,0.0062870554899071415,0.052245569229125974,0.0010041364701955855,,sqrt,1,2,300,"{'max_depth': None, 'max_features': 'sqrt', 'min_samples_leaf': 1, 'min_samples_split': 2, 'n_estimators': 300}",-0.9658112902754136,-0.8427792705209717,-0.783783853982689,-0.9001036907254759,-0.7677562346149761,-0.8520468680239052,0.07362396390895537,55,-0.32236128744119286,-0.3238276850782071,-0.3156114163870417,-0.3167564934018351,-0.32549578383159333,-0.320810533227974,0.003922388863268975,0.8520468680239052
0.34975409507751465,0.0045939624382195475,0.015683698654174804,0.00022286449563589355,,sqrt,1,5,100,"{'max_depth': None, 'max_features': 'sqrt', 'min_samples_leaf': 1, 'min_samples_split': 5, 'n_estimators': 100}",-0.9418201285613877,-0.8829317193212737,-0.8093362315033981,-0.8920101318170097,-0.7933273322330809,-0.86388510868723,0.05510288095127391,62,-0.40604785286452383,-0.4222874340657245,-0.4188760481330344,-0.41174784766120925,-0.42915888852802936,-0.41762361425050426,0.008061082349582019,0.86388510868723
0.7074525833129883,0.0046132763380420435,0.029422903060913087,0.0014115476533454188,,sqrt,1,5,200,"{'max_depth': None, 'max_features': 'sqrt', 'min_samples_leaf': 1, 'min_samples_split': 5, 'n_estimators': 200}",-0.9541859454636396,-0.8597667021001351,-0.8094606420875463,-0.9151572001114446,-0.7859441653348659,-0.8649029310195262,0.06297882685183223,63,-0.40745459110362287,-0.4104671223338018,-0.4118910173103752,-0.4083898507612609,-0.41912341076180293,-0.4114651984541727,0.004132031658680116,0.8649029310195262
1.0468498706817626,0.0026639124915988047,0.04301600456237793,0.0005945319657125234,,sqrt,1,5,300,"{'max_depth': None, 'max_features': 'sqrt', 'min_samples_leaf': 1, 'min_samples_split': 5, 'n_estimators': 300}",-0.9517019917623447,-0.8570895801909608,-0.805345462614467,-0.9114817730704244,-0.7867042555071634,-0.862464612629072,0.06228500916857854,60,-0.40271479089979584,-0.40753743316503627,-0.40859645107644527,-0.3997665938356104,-0.4165727122174914,-0.4070375962388759,0.005747215395839753,0.862464612629072
0.3469263553619385,0.0034420955013665876,0.015553855895996093,0.00011342768348396299,,sqrt,2,2,100,"{'max_depth': None, 'max_features': 'sqrt', 'min_samples_leaf': 2, 'min_samples_split': 2, 'n_estimators': 100}",-0.9843721445568057,-0.9354600101985833,-0.8346272031432306,-0.9576677620994677,-0.8116437085210327,-0.9047541657038239,0.06880271541306276,78,-0.46232114101977784,-0.488042452152486,-0.4703104815300499,-0.4817905846494031,-0.47612586492133185,-0.4757181048546097,0.008917980101581006,0.9047541657038239
0.683477258682251,0.0020802903858896347,0.028983592987060547,0.0009213448755366671,,sqrt,2,2,200,"{'max_depth': None, 'max_features': 'sqrt', 'min_samples_leaf': 2, 'min_samples_split': 2, 'n_estimators': 200}",-0.9789478593239089,-0.9174536556197603,-0.8279713324778458,-0.9439685085067524,-0.8009710395796663,-0.8938624791015867,0.06823070050891462,75,-0.45967079760357277,-0.47269041811683066,-0.46231893630056786,-0.46225934555725945,-0.47565543621816553,-0.4665189867592792,0.006391305585774388,0.8938624791015867
1.0189051151275634,0.008608320162276226,0.043180084228515624,0.0012949003827706573,,sqrt,2,2,300,"{'max_depth': None, 'max_features': 'sqrt', 'min_samples_leaf': 2, 'min_samples_split': 2, 'n_estimators': 300}",-0.9843141759718305,-0.9172491071926883,-0.8231977189499282,-0.9361492489972781,-0.8005287972789247,-0.89228780967813,0.06958290209424814,72,-0.4543492114836415,-0.47233065197425117,-0.45788648274395244,-0.4571779243974899,-0.47351121052888745,-0.46305109622564444,0.00815370252008026,0.89228780967813
0.3314716339111328,0.003672756585721872,0.015251970291137696,0.0006590411300815103,,sqrt,2,5,100,"{'max_depth': None, 'max_features': 'sqrt', 'min_samples_leaf': 2, 'min_samples_split': 5, 'n_estimators': 100}",-0.995379960257448,-0.9242271869587473,-0.8283288973915481,-0.9468183939594589,-0.787714917437382,-0.8964938712009168,0.07688885151830002,76,-0.48654357535484727,-0.4991410124367717,-0.5011407558884606,-0.5013845357222912,-0.5007486143111023,-0.4977916987426946,0.005678185241774305,0.8964938712009168
0.6625161647796631,0.006256159818864049,0.028522586822509764,0.0004909438732485523,,sqrt,2,5,200,"{'max_depth': None, 'max_features': 'sqrt', 'min_samples_leaf': 2, 'min_samples_split': 5, 'n_estimators': 200}",-1.0076547736198878,-0.9122961654386986,-0.8145505504633559,-0.9457300147074839,-0.7826950545028238,-0.8925853117464501,0.08320955578239331,73,-0.4792696321610269,-0.49643590026118,-0.4864668618960457,-0.49483690242851863,-0.5009157635204952,-0.49158501205345323,0.0077334710613483236,0.8925853117464501
0.9974808692932129,0.011820442939685457,0.04158949851989746,0.0010409568351068834,,sqrt,2,5,300,"{'max_depth': None, 'max_features': 'sqrt', 'min_samples_leaf': 2, 'min_samples_split': 5, 'n_estimators': 300}",-1.012487628747823,-0.9098458283649207,-0.8132504314702047,-0.9431114672308136,-0.7805499141248559,-0.8918490539877236,0.08493600722367728,71,-0.4852179119128117,-0.49429502629917654,-0.4838401026766969,-0.4885261978173784,-0.49223353831395894,-0.48882255540400454,0.003987201018461711,0.8918490539877236
0.3046809196472168,0.0036077092273289683,0.013796806335449219,0.0005403095263108534,,sqrt,4,2,100,"{'max_depth': None, 'max_features': 'sqrt', 'min_samples_leaf': 4, 'min_samples_split': 2, 'n_estimators': 100}",-1.0755952746785764,-0.9973588210593134,-0.8945271381418539,-0.9362284830995122,-0.8683484799111484,-0.9544116393780809,0.07463723193821897,87,-0.6511170849792544,-0.6682178917677813,-0.6660899398522371,-0.6612322981601855,-0.6696708806992387,-0.6632656190917394,0.006711936289469128,0.9544116393780809
0.6014907360076904,0.0036239207321833067,0.025911712646484376,0.0003258579891991905,,sqrt,4,2,200,"{'max_depth': None, 'max_features': 'sqrt', 'min_samples_leaf': 4, 'min_samples_split': 2, 'n_estimators': 200}",-1.074721236971185,-0.9886270867431566,-0.8817496995881579,-0.9582404121217257,-0.8518793000649565,-0.9510435470978363,0.07924099126480465,81,-0.6519853114436718,-0.6578870938486086,-0.6672135601368511,-0.6600736315718911,-0.661050236716641,-0.6596419667435327,0.004923464930578267,0.9510435470978363
0.8937910556793213,0.006546468459251839,0.03726935386657715,0.0006115119304942343,,sqrt,4,2,300,"{'max_depth': None, 'max_features': 'sqrt', 'min_samples_leaf': 4, 'min_samples_split': 2, 'n_estimators': 300}",-1.0790490968806896,-0.9821132445706927,-0.8818393259472475,-0.964490577081871,-0.8584161339079323,-0.9531816756776864,0.07858469752038223,83,-0.6563763010842063,-0.6578973274474416,-0.6672664984771077,-0.6587033678046229,-0.6677960218400906,-0.6616079033306939,0.004896669721155231,0.9531816756776864
0.30190601348876955,0.001781135566910954,0.013900136947631836,0.0003983650588152723,,sqrt,4,5,100,"{'max_depth': None, 'max_features': 'sqrt', 'min_samples_leaf': 4, 'min_samples_split': 5, 'n_estimators': 100}",-1.0755952746785764,-0.9973588210593134,-0.8945271381418539,-0.9362284830995122,-0.8683484799111484,-0.9544116393780809,0.07463723193821897,87,-0.6511170849792544,-0.6682178917677813,-0.6660899398522371,-0.6612322981601855,-0.6696708806992387,-0.6632656190917394,0.006711936289469128,0.9544116393780809
0.6096923351287842,0.003941806651930196,0.025275421142578126,0.0005246946393801143,,sqrt,4,5,200,"{'max_depth': None, 'max_features': 'sqrt', 'min_samples_leaf': 4, 'min_samples_split': 5, 'n_estimators': 200}",-1.074721236971185,-0.9886270867431566,-0.8817496995881579,-0.9582404121217257,-0.8518793000649565,-0.9510435470978363,0.07924099126480465,81,-0.6519853114436718,-0.6578870938486086,-0.6672135601368511,-0.6600736315718911,-0.661050236716641,-0.6596419667435327,0.004923464930578267,0.9510435470978363
0.8990794658660889,0.0068093419610840335,0.03758449554443359,0.0015171364392412622,,sqrt,4,5,300,"{'max_depth': None, 'max_features': 'sqrt', 'min_samples_leaf': 4, 'min_samples_split': 5, 'n_estimators': 300}",-1.0790490968806896,-0.9821132445706927,-0.8818393259472475,-0.964490577081871,-0.8584161339079323,-0.9531816756776864,0.07858469752038223,83,-0.6563763010842063,-0.6578973274474416,-0.6672664984771077,-0.6587033678046229,-0.6677960218400906,-0.6616079033306939,0.004896669721155231,0.9531816756776864
0.752553653717041,0.001764825390115768,0.0184967041015625,0.00021245497643719192,,0.8,1,2,100,"{'max_depth': None, 'max_features': 0.8, 'min_samples_leaf': 1, 'min_samples_split': 2, 'n_estimators': 100}",-0.7689748837118047,-0.685673676528481,-0.6520746978036398,-0.7063571094489937,-0.6092201729641289,-0.6844601080914096,0.05354168722114725,3,-0.2517665367640691,-0.2667319307117653,-0.25331954763585984,-0.26170085178908375,-0.25458521709367654,-0.25762081679889093,0.005685902900398916,0.6844601080914096
1.500355339050293,0.01600397848441202,0.03408727645874023,0.00023766372392904845,,0.8,1,2,200,"{'max_depth': None, 'max_features': 0.8, 'min_samples_leaf': 1, 'min_samples_split': 2, 'n_estimators': 200}",-0.7680197544370857,-0.6931139800024587,-0.6491757601229896,-0.686766117271857,-0.6088373520289051,-0.6811825927726592,0.052863025996494,2,-0.2469725722883059,-0.26013109854712274,-0.2515162222497677,-0.2589923548449836,-0.25459380012740684,-0.2544412096115174,0.0048465892632495455,0.6811825927726592
2.2881400108337404,0.008598086500816634,0.051206207275390624,0.0014023972431833748,,0.8,1,2,300,"{'max_depth': None, 'max_features': 0.8, 'min_samples_leaf': 1, 'min_samples_split': 2, 'n_estimators': 300}",-0.7739594887941588,-0.6887916332852745,-0.6480404899840129,-0.6859788125213939,-0.5999731469397054,-0.679348714304909,0.057210158495430145,1,-0.24416222033425583,-0.25785356671647897,-0.2508106323436675,-0.2543851790020803,-0.25330135261602793,-0.25210259020250214,0.004570330460041448,0.679348714304909
0.6478600978851319,0.0016396448734494384,0.01526188850402832,0.00015772537808088203,,0.8,1,5,100,"{'max_depth': None, 'max_features': 0.8, 'min_samples_leaf': 1, 'min_samples_split': 5, 'n_estimators': 100}",-0.7895563272460457,-0.7072247503289227,-0.648301859093857,-0.7065049907557651,-0.6193987176942735,-0.6941973290237728,0.05850770411157114,17,-0.3155859644701662,-0.3163104449001325,-0.31494870237852823,-0.31216954208001363,-0.31505441889458125,-0.3148138145446843,0.0014074359649088551,0.6941973290237728
1.294055461883545,0.009179391324240256,0.028806304931640624,0.0010917677215385045,,0.8,1,5,200,"{'max_depth': None, 'max_features': 0.8, 'min_samples_leaf': 1, 'min_samples_split': 5, 'n_estimators': 200}",-0.7845859395527808,-0.7096014691142144,-0.651849433619427,-0.7010031760565547,-0.6136928366019849,-0.6921465709889923,0.05780483976589727,11,-0.31016915713532617,-0.3113294073229175,-0.30949615503453054,-0.31123718177547793,-0.31807947776628287,-0.312062275806907,0.0030852380756937288,0.6921465709889923
1.9536333084106445,0.01569044543506698,0.04155478477478027,0.0009140252989278848,,0.8,1,5,300,"{'max_depth': None, 'max_features': 0.8, 'min_samples_leaf': 1, 'min_samples_split': 5, 'n_estimators': 300}",-0.7866238325235292,-0.7063792745805002,-0.6486362403015334,-0.6989486296504671,-0.6109246968163486,-0.6903025347744757,0.05941031926099992,7,-0.30659582035737404,-0.30960491138210156,-0.3074536035884888,-0.30793784270535407,-0.3139654165707716,-0.309111518920818,0.0026175827355447057,0.6903025347744757
0.6409454822540284,0.0018116305501356337,0.015766000747680663,0.0003259057131192093,,0.8,2,2,100,"{'max_depth': None, 'max_features': 0.8, 'min_samples_leaf': 2, 'min_samples_split': 2, 'n_estimators': 100}",-0.7905881580710433,-0.6987593424427322,-0.6633824674905044,-0.7184321269787385,-0.6116166855162621,-0.6965557560998562,0.05939804172670334,19,-0.32588291100886635,-0.3312266604628909,-0.32809021809980277,-0.3256588606946879,-0.32475522771774534,-0.32712277559679864,0.002326517138875194,0.6965557560998562
1.2859569549560548,0.00689258846635008,0.030136775970458985,0.0008122345587972281,,0.8,2,2,200,"{'max_depth': None, 'max_features': 0.8, 'min_samples_leaf': 2, 'min_samples_split': 2, 'n_estimators': 200}",-0.7951905425392907,-0.6983874580776885,-0.6536106910462129,-0.709029232735975,-0.6115065378184177,-0.693544892443517,0.06151436497346021,15,-0.3194391421392536,-0.32568702338953326,-0.3222572530655396,-0.32322320442782976,-0.32666212692175384,-0.323453749988782,0.0025644892261433697,0.693544892443517
1.9133174896240235,0.005714500523555598,0.0427462100982666,0.0007723651117349969,,0.8,2,2,300,"{'max_depth': None, 'max_features': 0.8, 'min_samples_leaf': 2, 'min_samples_split': 2, 'n_estimators': 300}",-0.7926613002389511,-0.6989992440827526,-0.6485998691790104,-0.7089002944560229,-0.6072540365182459,-0.6912829488949966,0.062498296947229456,8,-0.3155762555749381,-0.3253551488286403,-0.3214363583206544,-0.3208662971902949,-0.3249418655429583,-0.32163518509149724,0.003524588299072231,0.6912829488949966
0.619774866104126,0.0038373608984434426,0.014942741394042969,0.00017970249656284969,,0.8,2,5,100,"{'max_depth': None, 'max_features': 0.8, 'min_samples_leaf': 2, 'min_samples_split': 5, 'n_estimators': 100}",-0.7896185347159254,-0.7020400110796402,-0.6544230961430052,-0.7226654980012456,-0.6152562546905187,-0.696800678926067,0.05959353398998328,22,-0.33727457022535684,-0.34638534655734254,-0.347850730587255,-0.3464794923912094,-0.34476401222736724,-0.3445508303977062,0.003767331588123087,0.696800678926067
1.2369036197662353,0.008979836214335185,0.028712129592895506,0.000874918791339114,,0.8,2,5,200,"{'max_depth': None, 'max_features': 0.8, 'min_samples_leaf': 2, 'min_samples_split': 5, 'n_estimators': 200}",-0.7953277598080689,-0.7076444718834372,-0.6521380598064805,-0.7073479949588304,-0.6206774980010629,-0.696627156891576,0.059541174089206096,20,-0.3343186053983716,-0.34580819904992843,-0.34795236201067187,-0.3472415741540905,-0.3484665458361745,-0.34475745728984736,0.005295456121495186,0.696627156891576
1.8623871803283691,0.007847769866794299,0.04074130058288574,0.0011339910935704086,,0.8,2,5,300,"{'max_depth': None, 'max_features': 0.8, 'min_samples_leaf': 2, 'min_samples_split': 5, 'n_estimators': 300}",-0.7956192075512352,-0.7063425607962592,-0.6514278403847056,-0.7087922603971354,-0.6165962776457603,-0.6957556293550191,0.06080448495702983,18,-0.3316011006265566,-0.346739406972029,-0.3488703242340745,-0.3443300547731642,-0.3455577149975608,-0.343419720320677,0.006096046325478956,0.6957556293550191
0.5582341194152832,0.003130005902098019,0.013543796539306641,0.00017266361069898336,,0.8,4,2,100,"{'max_depth': None, 'max_features': 0.8, 'min_samples_leaf': 4, 'min_samples_split': 2, 'n_estimators': 100}",-0.8461125878030715,-0.7673495100633436,-0.6738849612350619,-0.7564726027489486,-0.6424681517091696,-0.7372575627119191,0.07228454690016906,27,-0.4702797286334934,-0.47610049113001274,-0.47819852737104007,-0.46750603544022373,-0.4739914839027123,-0.47321525329549646,0.003872276472295879,0.7372575627119191
1.114475679397583,0.0073781746621102194,0.0249910831451416,0.00038886397399555303,,0.8,4,2,200,"{'max_depth': None, 'max_features': 0.8, 'min_samples_leaf': 4, 'min_samples_split': 2, 'n_estimators': 200}",-0.8431628371716149,-0.7730405972212124,-0.6762199256490313,-0.7566085968369766,-0.645078612970457,-0.7388221139698585,0.0708253175767707,33,-0.46545067253148587,-0.47166103264385184,-0.47535849277746206,-0.4733856912705079,-0.4822887330366544,-0.47362892445199245,0.005455259046825268,0.7388221139698585
1.6730851650238037,0.007665885723679217,0.03743577003479004,0.0005245351139216396,,0.8,4,2,300,"{'max_depth': None, 'max_features': 0.8, 'min_samples_leaf': 4, 'min_samples_split': 2, 'n_estimators': 300}",-0.8475815785120508,-0.774769233137181,-0.6727922445432754,-0.7518654048460843,-0.6436006507532405,-0.7381218223583663,0.07309659720221681,29,-0.4598970955351983,-0.4726432238350741,-0.474002010271171,-0.46762150683945175,-0.47822909514378015,-0.47047858632493506,0.006281741945127301,0.7381218223583663
0.5600953578948975,0.0064093549585685266,0.014015674591064453,0.0006882400508836594,,0.8,4,5,100,"{'max_depth': None, 'max_features': 0.8, 'min_samples_leaf': 4, 'min_samples_split': 5, 'n_estimators': 100}",-0.8461125878030715,-0.7673495100633436,-0.6738849612350619,-0.7564726027489486,-0.6424681517091696,-0.7372575627119191,0.07228454690016906,27,-0.4702797286334934,-0.47610049113001274,-0.47819852737104007,-0.46750603544022373,-0.4739914839027123,-0.47321525329549646,0.003872276472295879,0.7372575627119191
1.1201043605804444,0.004664478281177752,0.025617456436157225,0.00046979855834786155,,0.8,4,5,200,"{'max_depth': None, 'max_features': 0.8, 'min_samples_leaf': 4, 'min_samples_split': 5, 'n_estimators': 200}",-0.8431628371716149,-0.7730405972212124,-0.6762199256490313,-0.7566085968369766,-0.645078612970457,-0.7388221139698585,0.0708253175767707,33,-0.46545067253148587,-0.47166103264385184,-0.47535849277746206,-0.4733856912705079,-0.4822887330366544,-0.47362892445199245,0.005455259046825268,0.7388221139698585
1.6708287239074706,0.007211971383846208,0.03701939582824707,0.0007091921418810953,,0.8,4,5,300,"{'max_depth': None, 'max_features': 0.8, 'min_samples_leaf': 4, 'min_samples_split': 5, 'n_estimators': 300}",-0.8475815785120508,-0.774769233137181,-0.6727922445432754,-0.7518654048460843,-0.6436006507532405,-0.7381218223583663,0.07309659720221681,29,-0.4598970955351983,-0.4726432238350741,-0.474002010271171,-0.46762150683945175,-0.47822909514378015,-0.47047858632493506,0.006281741945127301,0.7381218223583663
0.26184706687927245,0.0015552144713296635,0.012502193450927734,0.0007863433081092101,8,sqrt,1,2,100,"{'max_depth': 8, 'max_features': 'sqrt', 'min_samples_leaf': 1, 'min_samples_split': 2, 'n_estimators': 100}",-1.1086198634686397,-1.0204202673414413,-0.9645435714258052,-1.0639263428264345,-0.9870270118573268,-1.0289074113839294,0.0520559390452097,99,-0.7078683736419484,-0.7121530457542387,-0.7023755082227874,-0.6955299081635619,-0.7275524570840247,-0.7090958585733123,0.010776801572407149,1.0289074113839294
0.5192221641540528,0.0013802439342684176,0.022202205657958985,0.00042225470156732436,8,sqrt,1,2,200,"{'max_depth': 8, 'max_features': 'sqrt', 'min_samples_leaf': 1, 'min_samples_split': 2, 'n_estimators': 200}",-1.0995773352193123,-1.0032831619046618,-0.951545728090889,-1.0601934316071957,-0.9586963760402739,-1.0146592065724664,0.05749611844620288,91,-0.6982002807988015,-0.6984441466689422,-0.6974651048268793,-0.6857691983838583,-0.7113370731282176,-0.6982431607613397,0.008095651715948386,1.0146592065724664
0.7758252143859863,0.006072310447405224,0.032539987564086915,0.0006159475325970785,8,sqrt,1,2,300,"{'max_depth': 8, 'max_features': 'sqrt', 'min_samples_leaf': 1, 'min_samples_split': 2, 'n_estimators': 300}",-1.093772321546092,-1.0024301755672165,-0.9609372350119362,-1.0649252773949809,-0.9606829244274856,-1.0165495867895422,0.05425261949769971,92,-0.6963734232167789,-0.6978904366546614,-0.7033767265597795,-0.6896351809023318,-0.7133512836116879,-0.7001254101890478,0.007932366725784208,1.0165495867895422
0.25849499702453616,0.0009620782781892026,0.012391805648803711,0.00045718954262549157,8,sqrt,1,5,100,"{'max_depth': 8, 'max_features': 'sqrt', 'min_samples_leaf': 1, 'min_samples_split': 5, 'n_estimators': 100}",-1.0893482224894655,-1.0221034302410164,-0.990398956791267,-1.0680681896228044,-0.9477162043406433,-1.0235270006970392,0.051309105311290404,95,-0.7256192146018744,-0.7295061845231592,-0.7357248622339366,-0.724612907822629,-0.7469714633371415,-0.7324869265037481,0.008226013551938225,1.0235270006970392
0.5110988140106201,0.002318561219284011,0.021921491622924803,0.00039511167163316073,8,sqrt,1,5,200,"{'max_depth': 8, 'max_features': 'sqrt', 'min_samples_leaf': 1, 'min_samples_split': 5, 'n_estimators': 200}",-1.1057400694099373,-1.0133399683464608,-0.9703070202791116,-1.0704630444050867,-0.9388573989709027,-1.0197415002823,0.06163670042996199,94,-0.7285913026248292,-0.7196934171300887,-0.727081827104786,-0.7158599267005991,-0.7379293306619564,-0.7258311608444519,0.007650433581574855,1.0197415002823
0.7653499603271484,0.001970522166294242,0.03169474601745605,0.00027243316428563966,8,sqrt,1,5,300,"{'max_depth': 8, 'max_features': 'sqrt', 'min_samples_leaf': 1, 'min_samples_split': 5, 'n_estimators': 300}",-1.0910440988936705,-1.0067596030318273,-0.9743844631908336,-1.0756685306551015,-0.9432410909818142,-1.0182195573506496,0.05705859240587488,93,-0.7254516706735089,-0.7206447269112494,-0.7252058558560205,-0.7138416781189605,-0.7398797629443318,-0.7250047389008143,0.008545527097878177,1.0182195573506496
0.25731539726257324,0.0006145271690606641,0.012289905548095703,0.0001950988192038329,8,sqrt,2,2,100,"{'max_depth': 8, 'max_features': 'sqrt', 'min_samples_leaf': 2, 'min_samples_split': 2, 'n_estimators': 100}",-1.1086901788590715,-1.059473318118719,-0.9817558123477051,-1.0617255612324068,-0.9622706998047507,-1.0347831140725305,0.05453017662051886,102,-0.7306199370195132,-0.7602138844689988,-0.7431887367339685,-0.7441693495881964,-0.7673741512628136,-0.7491132118146981,0.01310136812896057,1.0347831140725305
0.5136244773864747,0.0015210792065925018,0.02238326072692871,0.0005707137315760236,8,sqrt,2,2,200,"{'max_depth': 8, 'max_features': 'sqrt', 'min_samples_leaf': 2, 'min_samples_split': 2, 'n_estimators': 200}",-1.1063009421468408,-1.055033435747329,-0.974611146200121,-1.0666282467842088,-0.9479072646365803,-1.030096207103016,0.0593249208781193,100,-0.7282554333962359,-0.752431745183232,-0.7369173121372941,-0.7389590506446543,-0.754813257794663,-0.7422753598312158,0.009966102224178956,1.030096207103016
0.7636926651000977,0.0021990411333050255,0.032017755508422854,0.0007703247751933449,8,sqrt,2,2,300,"{'max_depth': 8, 'max_features': 'sqrt', 'min_samples_leaf': 2, 'min_samples_split': 2, 'n_estimators': 300}",-1.1141444962131148,-1.0406445431499736,-0.9737184572129969,-1.0707687004371342,-0.9551849730086152,-1.030892234004367,0.05935757641915226,101,-0.7290061495314856,-0.7435452215153061,-0.7381033805631705,-0.7376533292497024,-0.7564033711388233,-0.7409422903996976,0.009024061184924175,1.030892234004367
0.25492210388183595,0.0007135491579487698,0.011907577514648438,0.0001553502237609835,8,sqrt,2,5,100,"{'max_depth': 8, 'max_features': 'sqrt', 'min_samples_leaf': 2, 'min_samples_split': 5, 'n_estimators': 100}",-1.1214818435962315,-1.0155025511942488,-0.9814262883630058,-1.0460589675236993,-0.9612116376176,-1.025136257658957,0.056231589842745774,96,-0.7370661593009668,-0.7605502755670802,-0.7549354383675025,-0.7462438084980679,-0.7732769955124704,-0.7544145354492175,0.012340486053421695,1.025136257658957
0.5106520652770996,0.002725320435192474,0.02209811210632324,0.000416183389730122,8,sqrt,2,5,200,"{'max_depth': 8, 'max_features': 'sqrt', 'min_samples_leaf': 2, 'min_samples_split': 5, 'n_estimators': 200}",-1.128406370574589,-1.0316778775394728,-0.976511141189052,-1.0546510746664202,-0.9450046069793447,-1.027250214189776,0.06378365427996872,98,-0.7437165716060538,-0.7503908795915566,-0.7523215959430803,-0.747240366101263,-0.7612981025605999,-0.7509935031605108,0.005922018659799066,1.027250214189776
0.764417028427124,0.0039938119308199765,0.03249912261962891,0.0011306975753767807,8,sqrt,2,5,300,"{'max_depth': 8, 'max_features': 'sqrt', 'min_samples_leaf': 2, 'min_samples_split': 5, 'n_estimators': 300}",-1.1213969416093044,-1.0358991714675263,-0.968700474896834,-1.063229998677923,-0.9418753604190339,-1.0262203894141242,0.06472185190477352,97,-0.7457613165627704,-0.7540277362341955,-0.746758356138328,-0.746543199124351,-0.7549233466803494,-0.7496027909479989,0.004002431537279532,1.0262203894141242
0.25434627532958987,0.001326136900062321,0.012281656265258789,0.0003784831677306062,8,sqrt,4,2,100,"{'max_depth': 8, 'max_features': 'sqrt', 'min_samples_leaf': 4, 'min_samples_split': 2, 'n_estimators': 100}",-1.1531133308951893,-1.0805172525683282,-1.0026471787419327,-1.0556702216671952,-0.9793608557920431,-1.0542617679329376,0.06121630203195058,105,-0.804439689290035,-0.8354491147956202,-0.8259793922999343,-0.8308422751272385,-0.8475130120317895,-0.8288446967089236,0.01414163364867961,1.0542617679329376
0.5042204856872559,0.001842794390918755,0.021581506729125975,0.0002767188206557273,8,sqrt,4,2,200,"{'max_depth': 8, 'max_features': 'sqrt', 'min_samples_leaf': 4, 'min_samples_split': 2, 'n_estimators': 200}",-1.1474547305490237,-1.0764219694812898,-0.9772743082121249,-1.064527068637244,-0.980641461245935,-1.0492639076251236,0.06403671553889471,103,-0.8069904794441701,-0.8271520689536623,-0.8162222131986103,-0.8206075093042805,-0.8466042399660312,-0.823515302173351,0.01327433081855643,1.0492639076251236
0.7651425361633301,0.011425839930136537,0.03304004669189453,0.0011360054110809163,8,sqrt,4,2,300,"{'max_depth': 8, 'max_features': 'sqrt', 'min_samples_leaf': 4, 'min_samples_split': 2, 'n_estimators': 300}",-1.1516057879585933,-1.0747189891402085,-0.9869272085132981,-1.079028929103265,-0.9828713896339096,-1.0550304608698549,0.06345918841030729,107,-0.8111376676559043,-0.8278967700871371,-0.824497439276276,-0.8210023178120424,-0.8519751477011752,-0.827301868506507,0.013549576860602045,1.0550304608698549
0.2588540554046631,0.001553496914415221,0.013261222839355468,0.0008958193075290241,8,sqrt,4,5,100,"{'max_depth': 8, 'max_features': 'sqrt', 'min_samples_leaf': 4, 'min_samples_split': 5, 'n_estimators': 100}",-1.1531133308951893,-1.0805172525683282,-1.0026471787419327,-1.0556702216671952,-0.9793608557920431,-1.0542617679329376,0.06121630203195058,105,-0.804439689290035,-0.8354491147956202,-0.8259793922999343,-0.8308422751272385,-0.8475130120317895,-0.8288446967089236,0.01414163364867961,1.0542617679329376
0.5158180236816406,0.0018567762228319958,0.022585582733154298,0.0006596239132090886,8,sqrt,4,5,200,"{'max_depth': 8, 'max_features': 'sqrt', 'min_samples_leaf': 4, 'min_samples_split': 5, 'n_estimators': 200}",-1.1474547305490237,-1.0764219694812898,-0.9772743082121249,-1.064527068637244,-0.980641461245935,-1.0492639076251236,0.06403671553889471,103,-0.8069904794441701,-0.8271520689536623,-0.8162222131986103,-0.8206075093042805,-0.8466042399660312,-0.823515302173351,0.01327433081855643,1.0492639076251236
0.7741261482238769,0.005789853917778683,0.03205184936523438,0.0003003891833392299,8,sqrt,4,5,300,"{'max_depth': 8, 'max_features': 'sqrt', 'min_samples_leaf': 4, 'min_samples_split': 5, 'n_estimators': 300}",-1.1516057879585933,-1.0747189891402085,-0.9869272085132981,-1.079028929103265,-0.9828713896339096,-1.0550304608698549,0.06345918841030729,107,-0.8111376676559043,-0.8278967700871371,-0.824497439276276,-0.8210023178120424,-0.8519751477011752,-0.827301868506507,0.013549576860602045,1.0550304608698549
0.5090784072875977,0.0031413835637521836,0.012774896621704102,0.00040261390160051106,8,0.8,1,2,100,"{'max_depth': 8, 'max_features': 0.8, 'min_samples_leaf': 1, 'min_samples_split': 2, 'n_estimators': 100}",-0.8339473140380333,-0.7458766968212819,-0.6987026829344686,-0.7567523226484597,-0.6792157928640711,-0.7428989618612628,0.05385061193560846,39,-0.4780593405819512,-0.48180541737606875,-0.47575025062859305,-0.4818287951809124,-0.4848352784031612,-0.4804558164341374,0.0031865852111658145,0.7428989618612628
1.0100226402282715,0.005759305504712328,0.022760295867919923,0.0005691069481880738,8,0.8,1,2,200,"{'max_depth': 8, 'max_features': 0.8, 'min_samples_leaf': 1, 'min_samples_split': 2, 'n_estimators': 200}",-0.8252262794465272,-0.7451834377962289,-0.7051963171890486,-0.7512528416706744,-0.6794516690140722,-0.7412621090233102,0.04957105064007288,38,-0.4774130577352522,-0.4794646077623099,-0.47319416429400163,-0.4809935778662061,-0.48853855945198926,-0.4799207934219519,0.005043037593905063,0.7412621090233102
1.5115479469299316,0.0038439897897106067,0.033708620071411136,0.0008800160996919023,8,0.8,1,2,300,"{'max_depth': 8, 'max_features': 0.8, 'min_samples_leaf': 1, 'min_samples_split': 2, 'n_estimators': 300}",-0.8276105821474835,-0.7499786395519767,-0.7037150502328019,-0.7479667854073729,-0.6709671106300567,-0.7400476335939383,0.05276510792338234,37,-0.4739504288633656,-0.47809135309871736,-0.4742830442265077,-0.47854792402570645,-0.4847600019399151,-0.4779265504308424,0.003903690683723817,0.7400476335939383
0.500330638885498,0.0027840705290663285,0.01253213882446289,0.0003789218993237359,8,0.8,1,5,100,"{'max_depth': 8, 'max_features': 0.8, 'min_samples_leaf': 1, 'min_samples_split': 5, 'n_estimators': 100}",-0.8322247028787968,-0.7830734361090335,-0.7145976258678576,-0.771386694625044,-0.6855948291057069,-0.7573754577172876,0.05184884163791397,48,-0.49437006301060593,-0.5005064985593047,-0.4999161241230053,-0.5037456300185649,-0.5050420779435745,-0.5007160787310111,0.0037107470120688476,0.7573754577172876
0.9975380897521973,0.0040606065448038926,0.022362995147705077,0.0001858393772663317,8,0.8,1,5,200,"{'max_depth': 8, 'max_features': 0.8, 'min_samples_leaf': 1, 'min_samples_split': 5, 'n_estimators': 200}",-0.8308316672152022,-0.7776795875579148,-0.7130515645876664,-0.7665120470899144,-0.678882128401424,-0.7533913989704243,0.05279772020932904,47,-0.4947214986465995,-0.4967825852942311,-0.49867280947900283,-0.5015569427406878,-0.5062018829459405,-0.4995871438212923,0.004000273497080332,0.7533913989704243
1.4958198547363282,0.0035090974345528226,0.03271265029907226,0.000492209284690336,8,0.8,1,5,300,"{'max_depth': 8, 'max_features': 0.8, 'min_samples_leaf': 1, 'min_samples_split': 5, 'n_estimators': 300}",-0.8345336380164762,-0.774058107995916,-0.7072363519732542,-0.7600926366425345,-0.6718540823612609,-0.7495549633978884,0.05614465883645909,46,-0.4932905656282978,-0.49469144116406777,-0.4969429276508022,-0.49962280116433716,-0.5035147534258292,-0.49761249780666683,0.003647956546920821,0.7495549633978884
0.49970502853393556,0.004097199049803903,0.012169742584228515,0.00026655314859802505,8,0.8,2,2,100,"{'max_depth': 8, 'max_features': 0.8, 'min_samples_leaf': 2, 'min_samples_split': 2, 'n_estimators': 100}",-0.8301982508004284,-0.7525836495814734,-0.7154728567292821,-0.7646404338455693,-0.6747425501481884,-0.7475275482209882,0.051919205062157275,44,-0.4989697031107677,-0.511234186734863,-0.49873950977868003,-0.5011929981352058,-0.5109332599721748,-0.5042139315463382,0.005675043993757512,0.7475275482209882
0.9906578063964844,0.005117350363101153,0.02237668037414551,0.0004830494235821959,8,0.8,2,2,200,"{'max_depth': 8, 'max_features': 0.8, 'min_samples_leaf': 2, 'min_samples_split': 2, 'n_estimators': 200}",-0.8371018594790308,-0.7525866908037196,-0.7090069503329294,-0.7586606750116309,-0.6761236460915806,-0.7466959643437783,0.05431757490057338,41,-0.497599889439566,-0.505595363011878,-0.49632786234972875,-0.4994867651552632,-0.5117244762836137,-0.5021468712480099,0.00574864655745599,0.7466959643437783
1.4870018005371093,0.004749154395108744,0.03252511024475098,0.0004890154509870886,8,0.8,2,2,300,"{'max_depth': 8, 'max_features': 0.8, 'min_samples_leaf': 2, 'min_samples_split': 2, 'n_estimators': 300}",-0.8383283532039093,-0.7549299666060647,-0.7068315127465701,-0.760937059313892,-0.6688282717539079,-0.7459710327248688,0.05712622285531161,40,-0.4947439030093109,-0.5035060515433128,-0.4977615979298677,-0.4986413032561609,-0.5072970980841016,-0.5003899907645508,0.004455617356461698,0.7459710327248688
0.49443345069885253,0.0016016919430416657,0.012297391891479492,0.00013032082537207707,8,0.8,2,5,100,"{'max_depth': 8, 'max_features': 0.8, 'min_samples_leaf': 2, 'min_samples_split': 5, 'n_estimators': 100}",-0.8339378096644087,-0.7604797969946251,-0.7045441207956898,-0.763919079303308,-0.6784190166675852,-0.7482599646851232,0.053896304733341456,45,-0.5015243297501587,-0.5119230407710509,-0.5092527027055523,-0.509531498370786,-0.511027693585843,-0.5086518530366781,0.0036954477928079973,0.7482599646851232
0.992019510269165,0.006616938554595183,0.022574472427368163,0.0006495679669560627,8,0.8,2,5,200,"{'max_depth': 8, 'max_features': 0.8, 'min_samples_leaf': 2, 'min_samples_split': 5, 'n_estimators': 200}",-0.8371819242665801,-0.7649838610264942,-0.7001490831230914,-0.758490920756459,-0.6762575220392977,-0.7474126622423845,0.05619055993896247,43,-0.5043656531456673,-0.5080125215272943,-0.5073775845846695,-0.5116237278504516,-0.5155665676885041,-0.5093892109593173,0.0038556672436013,0.7474126622423845
1.490331268310547,0.003758625565329578,0.033056449890136716,0.0010010476698601879,8,0.8,2,5,300,"{'max_depth': 8, 'max_features': 0.8, 'min_samples_leaf': 2, 'min_samples_split': 5, 'n_estimators': 300}",-0.8375782289903282,-0.7641546301781919,-0.7009144804179049,-0.7592209686907077,-0.6731881373692543,-0.7470112891292774,0.05695632453426688,42,-0.5015076459579639,-0.5076148441709085,-0.5086021926373975,-0.5083515361070582,-0.5130169477027761,-0.5078186333152208,0.00368213292827887,0.7470112891292774
0.4859736919403076,0.0018411379741424428,0.012287330627441407,0.0006357749314606332,8,0.8,4,2,100,"{'max_depth': 8, 'max_features': 0.8, 'min_samples_leaf': 4, 'min_samples_split': 2, 'n_estimators': 100}",-0.885760613597079,-0.8139467156299812,-0.7178433195230597,-0.7929232724782456,-0.6795154952498594,-0.777997883295645,0.07272584702613595,53,-0.5694256804734095,-0.5707969377105286,-0.5750133407813873,-0.5674503826501769,-0.5761557953882382,-0.5717684274007481,0.003312287021295037,0.777997883295645
0.9761077880859375,0.006423555319039963,0.022644472122192384,0.0006922588512640857,8,0.8,4,2,200,"{'max_depth': 8, 'max_features': 0.8, 'min_samples_leaf': 4, 'min_samples_split': 2, 'n_estimators': 200}",-0.884898407226565,-0.8116214156340884,-0.7144963111286811,-0.794565918628193,-0.6840155785406165,-0.7779195262316287,0.07169080319538329,51,-0.565408528512975,-0.5650355991415409,-0.5735359284189394,-0.5714696721827486,-0.5835992027239093,-0.5718097861960226,0.006766850031700921,0.7779195262316287
1.460576868057251,0.004278412779573228,0.032297945022583006,0.0007178411898569525,8,0.8,4,2,300,"{'max_depth': 8, 'max_features': 0.8, 'min_samples_leaf': 4, 'min_samples_split': 2, 'n_estimators': 300}",-0.8906587711420765,-0.8072979078367908,-0.7165284391864829,-0.7952934547688637,-0.6796024313202017,-0.7778762008508832,0.07390559840295934,49,-0.5612353540532659,-0.5648432311152807,-0.574972088856512,-0.5683435265524318,-0.5796185658793818,-0.5698025532913744,0.006681298366991752,0.7778762008508832
0.4857498645782471,0.003392114712063474,0.011912679672241211,4.899710049809425e-05,8,0.8,4,5,100,"{'max_depth': 8, 'max_features': 0.8, 'min_samples_leaf': 4, 'min_samples_split': 5, 'n_estimators': 100}",-0.885760613597079,-0.8139467156299812,-0.7178433195230597,-0.7929232724782456,-0.6795154952498594,-0.777997883295645,0.07272584702613595,53,-0.5694256804734095,-0.5707969377105286,-0.5750133407813873,-0.5674503826501769,-0.5761557953882382,-0.5717684274007481,0.003312287021295037,0.777997883295645
0.9797167301177978,0.013252887869238148,0.022363662719726562,0.0007041955627014512,8,0.8,4,5,200,"{'max_depth': 8, 'max_features': 0.8, 'min_samples_leaf': 4, 'min_samples_split': 5, 'n_estimators': 200}",-0.884898407226565,-0.8116214156340884,-0.7144963111286811,-0.794565918628193,-0.6840155785406165,-0.7779195262316287,0.07169080319538329,51,-0.565408528512975,-0.5650355991415409,-0.5735359284189394,-0.5714696721827486,-0.5835992027239093,-0.5718097861960226,0.006766850031700921,0.7779195262316287
1.472433090209961,0.010023935785438521,0.03255901336669922,0.0004899326632261872,8,0.8,4,5,300,"{'max_depth': 8, 'max_features': 0.8, 'min_samples_leaf': 4, 'min_samples_split': 5, 'n_estimators': 300}",-0.8906587711420765,-0.8072979078367908,-0.7165284391864829,-0.7952934547688637,-0.6796024313202017,-0.7778762008508832,0.07390559840295934,49,-0.5612353540532659,-0.5648432311152807,-0.574972088856512,-0.5683435265524318,-0.5796185658793818,-0.5698025532913744,0.006681298366991752,0.7778762008508832
0.3908933162689209,0.0013868439707011154,0.017339706420898438,0.00027924294019749925,16,sqrt,1,2,100,"{'max_depth': 16, 'max_features': 'sqrt', 'min_samples_leaf': 1, 'min_samples_split': 2, 'n_estimators': 100}",-0.9819604922015552,-0.869086820442145,-0.8068350161202642,-0.8910724671130703,-0.7662447107802737,-0.8630399013314616,0.07415226893813597,61,-0.35347402375470327,-0.3478694547029042,-0.328291046308986,-0.33615520909015556,-0.3392081606873577,-0.3409995789088214,0.008842973104836923,0.8630399013314616
0.7774713516235352,0.0012514006889380474,0.03398113250732422,0.001215687159967299,16,sqrt,1,2,200,"{'max_depth': 16, 'max_features': 'sqrt', 'min_samples_leaf': 1, 'min_samples_split': 2, 'n_estimators': 200}",-0.9808071008632424,-0.8496199440894497,-0.790251201425309,-0.8977077339492331,-0.7621767743489718,-0.8561125509352412,0.07808033229630013,59,-0.3358728282203967,-0.33403171879602506,-0.31928691016549704,-0.3291452767749221,-0.3374877824535624,-0.3311649032820807,0.006565479436248258,0.8561125509352412
1.1763054847717285,0.01253637941185205,0.04952645301818848,0.0010622820526392457,16,sqrt,1,2,300,"{'max_depth': 16, 'max_features': 'sqrt', 'min_samples_leaf': 1, 'min_samples_split': 2, 'n_estimators': 300}",-0.9644430686873938,-0.856989481504957,-0.7942138982224001,-0.900576224834994,-0.7580026049278016,-0.8548450556355093,0.07370516992980959,57,-0.3281560194095802,-0.33305609501847055,-0.3174292316231288,-0.322281064277208,-0.332599718428514,-0.32670442575138037,0.006046497419565051,0.8548450556355093
0.3481809139251709,0.006088286868985752,0.015547609329223633,0.00041067450693353696,16,sqrt,1,5,100,"{'max_depth': 16, 'max_features': 'sqrt', 'min_samples_leaf': 1, 'min_samples_split': 5, 'n_estimators': 100}",-0.9287852390485771,-0.8931287240440895,-0.8114293151967895,-0.9347738114950782,-0.7707155857004461,-0.8677665350969962,0.0654969725640257,64,-0.41242222183878907,-0.4261388171109847,-0.416811543753669,-0.413556573631671,-0.4314562453547429,-0.4200770803379713,0.007456643275858765,0.8677665350969962
0.6766746520996094,0.0035021824180069155,0.029598140716552736,0.002756454250186631,16,sqrt,1,5,200,"{'max_depth': 16, 'max_features': 'sqrt', 'min_samples_leaf': 1, 'min_samples_split': 5, 'n_estimators': 200}",-0.9700989354168166,-0.8729637725217098,-0.8120127126310668,-0.9302810830218271,-0.7764948361380821,-0.8723702679459004,0.07174962035300174,66,-0.4153863762765111,-0.4175887830300705,-0.4095104913624676,-0.41066437848426524,-0.4290733132409185,-0.4164446684788466,0.00697719447516299,0.8723702679459004
1.0180862903594972,0.0043985663434877855,0.04149746894836426,0.000601435276609796,16,sqrt,1,5,300,"{'max_depth': 16, 'max_features': 'sqrt', 'min_samples_leaf': 1, 'min_samples_split': 5, 'n_estimators': 300}",-0.9613791131914033,-0.869906744869682,-0.8082958984801264,-0.9302607688198017,-0.7771095793213288,-0.8693904209364683,0.06987943867545317,65,-0.410699508158103,-0.4126733128400399,-0.4068421020988115,-0.4054213727692129,-0.42650546088612984,-0.41242835135045935,0.007503570447913204,0.8693904209364683
0.3374462127685547,0.00264783902934003,0.015336847305297852,0.0002369161281733714,16,sqrt,2,2,100,"{'max_depth': 16, 'max_features': 'sqrt', 'min_samples_leaf': 2, 'min_samples_split': 2, 'n_estimators': 100}",-0.9774840894316539,-0.9117769776145032,-0.8605190875205796,-0.9360141038990685,-0.8149036551118266,-0.9001395827155264,0.05699040260131557,77,-0.4655253993217511,-0.4955894454032888,-0.48683003654102963,-0.4846199111715115,-0.48452096804613937,-0.48341715209674413,0.009824381517165796,0.9001395827155264
0.6705211639404297,0.0034858306409787827,0.028287172317504883,0.0004865486868783047,16,sqrt,2,2,200,"{'max_depth': 16, 'max_features': 'sqrt', 'min_samples_leaf': 2, 'min_samples_split': 2, 'n_estimators': 200}",-0.9883953624362928,-0.8978313076973484,-0.8374521137156814,-0.9369925396919357,-0.8061341947365546,-0.8933611036555625,0.06586280296561446,74,-0.46085315670035343,-0.47679825876317417,-0.4721866290527496,-0.4657593058211569,-0.4809164594321166,-0.47130276195391013,0.007257121209990015,0.8933611036555625
1.0010680675506591,0.004588649698093251,0.041571950912475585,0.0006986628325941894,16,sqrt,2,2,300,"{'max_depth': 16, 'max_features': 'sqrt', 'min_samples_leaf': 2, 'min_samples_split': 2, 'n_estimators': 300}",-0.9823242828428517,-0.8951511639230698,-0.8249177672976801,-0.9358906229381756,-0.8105547075574665,-0.8897677089118489,0.0651202559499169,70,-0.4608626090275764,-0.4746450528006164,-0.46331709794136844,-0.4594642773353933,-0.4762523540711354,-0.4669082782352181,0.007099708097815313,0.8897677089118489
0.32708020210266114,0.00451821054694925,0.014679288864135743,0.00032614537827611856,16,sqrt,2,5,100,"{'max_depth': 16, 'max_features': 'sqrt', 'min_samples_leaf': 2, 'min_samples_split': 5, 'n_estimators': 100}",-0.9802133459105523,-0.9093355081027932,-0.8112276412746999,-0.9398598070556955,-0.7966232714492598,-0.8874519147586002,0.0719585217407919,69,-0.4807262958612258,-0.4967856970638713,-0.49183485740307537,-0.5070346999886715,-0.4979305057262967,-0.4948624112086281,0.00860549459073302,0.8874519147586002
0.6550118446350097,0.013248214543614384,0.028133583068847657,0.0005645801972476944,16,sqrt,2,5,200,"{'max_depth': 16, 'max_features': 'sqrt', 'min_samples_leaf': 2, 'min_samples_split': 5, 'n_estimators': 200}",-0.9899079605145996,-0.900726104313085,-0.8026960246843188,-0.9432682521682446,-0.7823116527136573,-0.8837819988787811,0.07994948797140516,68,-0.48173547455423266,-0.492515704178798,-0.48502922036742885,-0.4954497412669807,-0.492596903503732,-0.4894654087742344,0.005183713867603844,0.8837819988787811
0.99916672706604,0.005061593430708435,0.04095168113708496,0.001658612562259866,16,sqrt,2,5,300,"{'max_depth': 16, 'max_features': 'sqrt', 'min_samples_leaf': 2, 'min_samples_split': 5, 'n_estimators': 300}",-0.986102772095506,-0.8938337536810217,-0.8069424754252282,-0.9421022221368373,-0.7838177807306425,-0.8825598008138471,0.07728067712064955,67,-0.48401488995147585,-0.4909448779749828,-0.4788970992982699,-0.4920652980506996,-0.4900963061189102,-0.48720369427886767,0.00500333575026916,0.8825598008138471
0.3062141895294189,0.007040607124437958,0.014220619201660156,0.0007864873597081954,16,sqrt,4,2,100,"{'max_depth': 16, 'max_features': 'sqrt', 'min_samples_leaf': 4, 'min_samples_split': 2, 'n_estimators': 100}",-1.0719337548210897,-0.9975880901036618,-0.9048779464148241,-0.9399536381993872,-0.8703652350732957,-0.9569437329224517,0.07123203582672041,89,-0.6502171864335405,-0.6676882483194431,-0.677480436984457,-0.6578713181204798,-0.6690538924606892,-0.6644622164637219,0.00945860092247752,0.9569437329224517
0.6007462501525879,0.0020111213210266686,0.02557201385498047,0.00042327498326467315,16,sqrt,4,2,200,"{'max_depth': 16, 'max_features': 'sqrt', 'min_samples_leaf': 4, 'min_samples_split': 2, 'n_estimators': 200}",-1.0737588296393097,-0.9886716027664528,-0.8803506284069578,-0.957101906331317,-0.854667323540528,-0.9509100581369131,0.07848234321543418,79,-0.6513769393878334,-0.6558144965315804,-0.6679138096107283,-0.6559426059204806,-0.663103706151744,-0.6588303115204732,0.005895058592708192,0.9509100581369131
0.8909670829772949,0.005767390307756072,0.037122058868408206,0.0005867643772588046,16,sqrt,4,2,300,"{'max_depth': 16, 'max_features': 'sqrt', 'min_samples_leaf': 4, 'min_samples_split': 2, 'n_estimators': 300}",-1.07567609347877,-0.9808058749445681,-0.8852502167806005,-0.9644534838317886,-0.8655118289933212,-0.9543394996058098,0.07508530452882185,85,-0.6549434977748608,-0.6557252487195272,-0.6691946786436979,-0.6554860941613364,-0.6728992103490007,-0.6616497459296846,0.007765828919170806,0.9543394996058098
0.2972566604614258,0.0014922157479458178,0.013663578033447265,0.00026050593706699715,16,sqrt,4,5,100,"{'max_depth': 16, 'max_features': 'sqrt', 'min_samples_leaf': 4, 'min_samples_split': 5, 'n_estimators': 100}",-1.0719337548210897,-0.9975880901036618,-0.9048779464148241,-0.9399536381993872,-0.8703652350732957,-0.9569437329224517,0.07123203582672041,89,-0.6502171864335405,-0.6676882483194431,-0.677480436984457,-0.6578713181204798,-0.6690538924606892,-0.6644622164637219,0.00945860092247752,0.9569437329224517
0.5929764747619629,0.0033105686971896327,0.025405216217041015,0.0003226306570127542,16,sqrt,4,5,200,"{'max_depth': 16, 'max_features': 'sqrt', 'min_samples_leaf': 4, 'min_samples_split': 5, 'n_estimators': 200}",-1.0737588296393097,-0.9886716027664528,-0.8803506284069578,-0.957101906331317,-0.854667323540528,-0.9509100581369131,0.07848234321543418,79,-0.6513769393878334,-0.6558144965315804,-0.6679138096107283,-0.6559426059204806,-0.663103706151744,-0.6588303115204732,0.005895058592708192,0.9509100581369131
0.8856709480285645,0.004898828421677494,0.03718023300170899,0.0006149676859019236,16,sqrt,4,5,300,"{'max_depth': 16, 'max_features': 'sqrt', 'min_samples_leaf': 4, 'min_samples_split': 5, 'n_estimators': 300}",-1.07567609347877,-0.9808058749445681,-0.8852502167806005,-0.9644534838317886,-0.8655118289933212,-0.9543394996058098,0.07508530452882185,85,-0.6549434977748608,-0.6557252487195272,-0.6691946786436979,-0.6554860941613364,-0.6728992103490007,-0.6616497459296846,0.007765828919170806,0.9543394996058098
0.7369415283203125,0.0038031351416474538,0.017611360549926756,0.00033556608610475205,16,0.8,1,2,100,"{'max_depth': 16, 'max_features': 0.8, 'min_samples_leaf': 1, 'min_samples_split': 2, 'n_estimators': 100}",-0.7862752169751561,-0.6993511163399736,-0.65091269115019,-0.7128301496334962,-0.6149731853366003,-0.6928684718870832,0.05829798708279141,12,-0.2562553654451965,-0.2636061776247817,-0.25250407617339443,-0.2618836747934741,-0.26020256555506804,-0.258890371918383,0.004016181523758153,0.6928684718870832
1.4728484630584717,0.00658082482883889,0.03376040458679199,0.0007755790546786413,16,0.8,1,2,200,"{'max_depth': 16, 'max_features': 0.8, 'min_samples_leaf': 1, 'min_samples_split': 2, 'n_estimators': 200}",-0.7797636501468416,-0.695270646615736,-0.6520323009328872,-0.7022049785698816,-0.6095288999328757,-0.6877600952396444,0.05679139434299964,5,-0.24924521183348694,-0.25859069692522024,-0.2506869111918574,-0.26052518510296124,-0.25888686058411303,-0.25558697312752776,0.004658886018723096,0.6877600952396444
2.203691577911377,0.013473482069318995,0.048895835876464844,0.000585942323454981,16,0.8,1,2,300,"{'max_depth': 16, 'max_features': 0.8, 'min_samples_leaf': 1, 'min_samples_split': 2, 'n_estimators': 300}",-0.7854115241093816,-0.6948168397118824,-0.6489369886595101,-0.6980451616687803,-0.602006620769092,-0.6858434269837292,0.06088334040866605,4,-0.2461970182739189,-0.25672474616375957,-0.2504847377185247,-0.25628241180734607,-0.2575060669181665,-0.25343899617634313,0.00439536384897149,0.6858434269837292
0.6428834438323975,0.003574281709065339,0.015597343444824219,0.0005952301157285133,16,0.8,1,5,100,"{'max_depth': 16, 'max_features': 0.8, 'min_samples_leaf': 1, 'min_samples_split': 5, 'n_estimators': 100}",-0.7929051577541154,-0.7078809714582626,-0.6478424796795912,-0.7073810724242368,-0.6138058898785294,-0.6939631142389471,0.06118099357761509,16,-0.31334068186232694,-0.31237117174265394,-0.31260403161876327,-0.3124556655834931,-0.31472506065835737,-0.31309932229311893,0.0008821666180432084,0.6939631142389471
1.2860422611236573,0.009214213767293247,0.02857317924499512,0.00023184166870009464,16,0.8,1,5,200,"{'max_depth': 16, 'max_features': 0.8, 'min_samples_leaf': 1, 'min_samples_split': 5, 'n_estimators': 200}",-0.786503271452016,-0.709772990769326,-0.6479880478762525,-0.7032300149953213,-0.6109717693952624,-0.6916932188976357,0.059791330917230545,10,-0.3085111545590407,-0.3090638053131013,-0.3083215862137209,-0.31162892664766034,-0.3183646528724352,-0.31117802512119175,0.0037839740444621794,0.6916932188976357
1.9373435497283935,0.012834823322970344,0.042496442794799805,0.0013107889037826644,16,0.8,1,5,300,"{'max_depth': 16, 'max_features': 0.8, 'min_samples_leaf': 1, 'min_samples_split': 5, 'n_estimators': 300}",-0.7905810119604599,-0.7064913429560311,-0.6455801194910403,-0.701774421610574,-0.6053092724215612,-0.6899472336879333,0.06272602739616837,6,-0.3072184095902157,-0.3084591610864869,-0.3083108592275367,-0.3077709985133101,-0.31463353116857523,-0.30927859191722495,0.0027129517844132855,0.6899472336879333
0.6469363212585449,0.00717875647025117,0.01584653854370117,0.0006001590071113544,16,0.8,2,2,100,"{'max_depth': 16, 'max_features': 0.8, 'min_samples_leaf': 2, 'min_samples_split': 2, 'n_estimators': 100}",-0.7919451841884597,-0.6935573206097514,-0.6558951107906126,-0.7077029548923013,-0.6177011810596474,-0.6933603503081546,0.05839978191439638,14,-0.32303646262339414,-0.33122857965258484,-0.3251177140691154,-0.32615688928570435,-0.32467445996452027,-0.32604282111906385,0.00278106202096394,0.6933603503081546
1.2809529781341553,0.0045374592188695585,0.02832002639770508,0.0006237179385447203,16,0.8,2,2,200,"{'max_depth': 16, 'max_features': 0.8, 'min_samples_leaf': 2, 'min_samples_split': 2, 'n_estimators': 200}",-0.7911182703758985,-0.7018092980394941,-0.6503631572130785,-0.7073195589486883,-0.6157232313922589,-0.6932667031938836,0.05949637326478716,13,-0.3194797043262199,-0.32831991938495864,-0.32225725644381725,-0.3227539100947533,-0.3300871810556103,-0.32457959426107186,0.003976400314152343,0.6932667031938836
1.9084388732910156,0.01811114807885705,0.042232704162597653,0.00148320448626411,16,0.8,2,2,300,"{'max_depth': 16, 'max_features': 0.8, 'min_samples_leaf': 2, 'min_samples_split': 2, 'n_estimators': 300}",-0.7923184048419258,-0.701265787361356,-0.647901572365591,-0.7053070971472594,-0.6100406525592365,-0.6913667028550738,0.061622587784537476,9,-0.31538774226009025,-0.32751614112180255,-0.3223470924048176,-0.32091723639238406,-0.3277584033198997,-0.32278532309979885,0.004593869009916164,0.6913667028550738
0.6244067192077637,0.0031847077093609963,0.015233755111694336,0.0004386789123496476,16,0.8,2,5,100,"{'max_depth': 16, 'max_features': 0.8, 'min_samples_leaf': 2, 'min_samples_split': 5, 'n_estimators': 100}",-0.8038510194434905,-0.70760019380738,-0.655519726043749,-0.7121559411964584,-0.615327301130171,-0.6988908363242498,0.06345450902270003,24,-0.3406730628150318,-0.3498350092275711,-0.3487757813323654,-0.34258001718287207,-0.3466078561817156,-0.3456943453479112,0.003532341017757017,0.6988908363242498
1.2334490299224854,0.007406197715627921,0.02834596633911133,0.001065654160885735,16,0.8,2,5,200,"{'max_depth': 16, 'max_features': 0.8, 'min_samples_leaf': 2, 'min_samples_split': 5, 'n_estimators': 200}",-0.8046403358010463,-0.7115417760213312,-0.6504697382339703,-0.702509040162351,-0.623148529227077,-0.6984618838891551,0.06234849498991819,23,-0.33720297781334235,-0.3468037007754327,-0.34851326731606874,-0.34458988154348225,-0.3489049249460397,-0.3452029504788731,0.004280201635411361,0.6984618838891551
1.8529538631439209,0.010042148113387477,0.040814542770385744,0.0007061619206335383,16,0.8,2,5,300,"{'max_depth': 16, 'max_features': 0.8, 'min_samples_leaf': 2, 'min_samples_split': 5, 'n_estimators': 300}",-0.8003856830125697,-0.7059759483422051,-0.6502899736119878,-0.705543609772956,-0.621022765136114,-0.6966435959751666,0.06131213914414721,21,-0.3341643663708289,-0.34653361099390295,-0.34887875307752275,-0.34212837586545597,-0.34588732234173486,-0.3435184857298891,0.005154935260663548,0.6966435959751666
0.5611927509307861,0.004127110345963228,0.013547611236572266,0.00013110866369474945,16,0.8,4,2,100,"{'max_depth': 16, 'max_features': 0.8, 'min_samples_leaf': 4, 'min_samples_split': 2, 'n_estimators': 100}",-0.8470341089774356,-0.7635396649861039,-0.6742160426905396,-0.754626478269295,-0.6444594762004778,-0.7367751542247702,0.07159311804164366,25,-0.4722099739096116,-0.4750882314782951,-0.4780974374526341,-0.46552539448521,-0.4754152195006081,-0.47326725136527176,0.004296850402110879,0.7367751542247702
1.120544958114624,0.004037246177000794,0.02520413398742676,0.0005294582037130262,16,0.8,4,2,200,"{'max_depth': 16, 'max_features': 0.8, 'min_samples_leaf': 4, 'min_samples_split': 2, 'n_estimators': 200}",-0.8445477215509036,-0.7740138602560336,-0.6767842624918424,-0.7554437912670746,-0.6445841246116604,-0.739074752035503,0.07130472324544515,35,-0.46722818131498406,-0.4716710443272712,-0.4755606995858366,-0.47203327724227145,-0.48314521186317383,-0.4739276828667075,0.005314020993838124,0.739074752035503
1.6724638938903809,0.01175248088280036,0.036940813064575195,0.0009674395267580194,16,0.8,4,2,300,"{'max_depth': 16, 'max_features': 0.8, 'min_samples_leaf': 4, 'min_samples_split': 2, 'n_estimators': 300}",-0.8495177555966935,-0.7749802755886065,-0.6728312818689866,-0.7505273272873196,-0.643563344071199,-0.7382839968825612,0.07365531217720075,31,-0.4609710111684123,-0.4724103608644727,-0.47416227669602595,-0.4666557703375872,-0.4785169790584244,-0.47054327962498455,0.006113985061711907,0.7382839968825612
0.5584352970123291,0.004015884172192368,0.013516950607299804,0.0001429004988561671,16,0.8,4,5,100,"{'max_depth': 16, 'max_features': 0.8, 'min_samples_leaf': 4, 'min_samples_split': 5, 'n_estimators': 100}",-0.8470341089774356,-0.7635396649861039,-0.6742160426905396,-0.754626478269295,-0.6444594762004778,-0.7367751542247702,0.07159311804164366,25,-0.4722099739096116,-0.4750882314782951,-0.4780974374526341,-0.46552539448521,-0.4754152195006081,-0.47326725136527176,0.004296850402110879,0.7367751542247702
1.1366199493408202,0.004490245673105024,0.026083898544311524,0.0012511066531619717,16,0.8,4,5,200,"{'max_depth': 16, 'max_features': 0.8, 'min_samples_leaf': 4, 'min_samples_split': 5, 'n_estimators': 200}",-0.8445477215509036,-0.7740138602560336,-0.6767842624918424,-0.7554437912670746,-0.6445841246116604,-0.739074752035503,0.07130472324544515,35,-0.46722818131498406,-0.4716710443272712,-0.4755606995858366,-0.47203327724227145,-0.48314521186317383,-0.4739276828667075,0.005314020993838124,0.739074752035503
1.6824745655059814,0.012134015543982303,0.03683066368103027,0.0008220992889714699,16,0.8,4,5,300,"{'max_depth': 16, 'max_features': 0.8, 'min_samples_leaf': 4, 'min_samples_split': 5, 'n_estimators': 300}",-0.8495177555966935,-0.7749802755886065,-0.6728312818689866,-0.7505273272873196,-0.643563344071199,-0.7382839968825612,0.07365531217720075,31,-0.4609710111684123,-0.4724103608644727,-0.47416227669602595,-0.4666557703375872,-0.4785169790584244,-0.47054327962498455,0.006113985061711907,0.7382839968825612
