mean_fit_time,std_fit_time,mean_score_time,std_score_time,param_max_depth,param_max_features,param_min_samples_leaf,param_min_samples_split,param_n_estimators,params,split0_test_score,split1_test_score,split2_test_score,split3_test_score,split4_test_score,mean_test_score,std_test_score,rank_test_score,split0_train_score,split1_train_score,split2_train_score,split3_train_score,split4_train_score,mean_train_score,std_train_score,CV_RMSE
0.2686026096343994,0.008555879838975962,0.010373258590698242,0.0005395643188862502,,sqrt,1,2,100,"{'max_depth': None, 'max_features': 'sqrt', 'min_samples_leaf': 1, 'min_samples_split': 2, 'n_estimators': 100}",-0.8138506062776639,-0.733824775785351,-0.7063054089693069,-0.7345670855128946,-0.7778058608129729,-0.7532707474716378,0.03796210448792202,65,-0.27681378130953344,-0.28651253602744226,-0.28473782676395987,-0.28410336352793036,-0.2816926246694921,-0.28277202645967164,0.0033554145659227034,0.7532707474716378
0.5311843872070312,0.016806341731067233,0.01991715431213379,0.0005492256589610082,,sqrt,1,2,200,"{'max_depth': None, 'max_features': 'sqrt', 'min_samples_leaf': 1, 'min_samples_split': 2, 'n_estimators': 200}",-0.817825673774566,-0.7272515019453115,-0.7094184059553097,-0.7337804856832798,-0.7771922725169353,-0.7530936679750806,0.039292035792336956,63,-0.27245944286057683,-0.28202460754335107,-0.2839105897629623,-0.28097688469402726,-0.2772233931910521,-0.2793189836103939,0.004064398662386487,0.7530936679750806
0.8489662170410156,0.009608377375118715,0.030093812942504884,0.0007373291300567208,,sqrt,1,2,300,"{'max_depth': None, 'max_features': 'sqrt', 'min_samples_leaf': 1, 'min_samples_split': 2, 'n_estimators': 300}",-0.8157510492295212,-0.7241386624266773,-0.7078093470478241,-0.731908914917532,-0.7769003594462351,-0.7513016666135579,0.0395335439097704,48,-0.27186482757932967,-0.2808911415253766,-0.28226414144907463,-0.27947542720121266,-0.2758365513885251,-0.2780664178287037,0.003768747296637156,0.7513016666135579
0.2619581699371338,0.004256273217121834,0.010006427764892578,0.0002177041809751765,,sqrt,1,5,100,"{'max_depth': None, 'max_features': 'sqrt', 'min_samples_leaf': 1, 'min_samples_split': 5, 'n_estimators': 100}",-0.8143740228136771,-0.7188563693891505,-0.7120951492303798,-0.7323882712055121,-0.7841017071950277,-0.7523631039667494,0.039989739623222616,59,-0.34236808482104564,-0.35201408686649804,-0.3533668087328246,-0.3489402759176479,-0.3484780346732966,-0.34903345820226256,0.0038054291374433643,0.7523631039667494
0.5062109470367432,0.0025283946705362413,0.018443489074707033,0.0006669156492120108,,sqrt,1,5,200,"{'max_depth': None, 'max_features': 'sqrt', 'min_samples_leaf': 1, 'min_samples_split': 5, 'n_estimators': 200}",-0.8140979599251795,-0.7223134321901191,-0.7069185768611762,-0.7323019154276942,-0.7804340054758028,-0.7512131779759944,0.03990788244482518,47,-0.33816886706150323,-0.3492971347254233,-0.352709470711311,-0.34642875701051556,-0.34457411719079056,-0.34623566933990874,0.004881680282336014,0.7512131779759944
0.760369873046875,0.006499661634080318,0.027525854110717774,0.0010430540233864632,,sqrt,1,5,300,"{'max_depth': None, 'max_features': 'sqrt', 'min_samples_leaf': 1, 'min_samples_split': 5, 'n_estimators': 300}",-0.8118496455624582,-0.7227787544071135,-0.7066819367403012,-0.7338607086169106,-0.7800473512201607,-0.7510436793093888,0.03898898096024809,46,-0.3372376857693911,-0.34928348123841013,-0.350876606925543,-0.34567920961529297,-0.3431078255975027,-0.34523696182922803,0.004835227767546881,0.7510436793093888
0.2518268585205078,0.0035275429065830316,0.00985422134399414,0.00023767783488421577,,sqrt,2,2,100,"{'max_depth': None, 'max_features': 'sqrt', 'min_samples_leaf': 2, 'min_samples_split': 2, 'n_estimators': 100}",-0.8146447970933549,-0.7309988822827632,-0.7133461111783962,-0.7278467262051272,-0.7780379577184008,-0.7529748948956085,0.03772570594738195,62,-0.36935419428179567,-0.37811086296985486,-0.37916700947632137,-0.3771441925406777,-0.3750475414430573,-0.3757647601423414,0.003481151822727957,0.7529748948956085
0.5404250144958496,0.011828727676519187,0.02163543701171875,0.002280721930591046,,sqrt,2,2,200,"{'max_depth': None, 'max_features': 'sqrt', 'min_samples_leaf': 2, 'min_samples_split': 2, 'n_estimators': 200}",-0.8166725728733398,-0.7282045692625897,-0.7080988895430256,-0.72793123136153,-0.7735776338835743,-0.7508969793848118,0.03928075442450139,44,-0.3665647267484395,-0.37730240390230313,-0.3791434393535413,-0.3739372102206633,-0.37077044745660376,-0.3735436455363102,0.004517450242054107,0.7508969793848118
0.7797432899475097,0.010729034850716045,0.029362010955810546,0.003293329453658357,,sqrt,2,2,300,"{'max_depth': None, 'max_features': 'sqrt', 'min_samples_leaf': 2, 'min_samples_split': 2, 'n_estimators': 300}",-0.8182517397882094,-0.7257815511276814,-0.7081383082041469,-0.7276731487358293,-0.7768086921265446,-0.7513306879964823,0.040510677846952635,49,-0.3651924876763536,-0.37712209474235364,-0.37855745124606116,-0.3725941060528134,-0.36965365256095484,-0.3726239584557073,0.004888556698355324,0.7513306879964823
0.26312999725341796,0.0041349483892264925,0.010964679718017577,0.0008552004628020206,,sqrt,2,5,100,"{'max_depth': None, 'max_features': 'sqrt', 'min_samples_leaf': 2, 'min_samples_split': 5, 'n_estimators': 100}",-0.822330139176761,-0.7240616838436581,-0.7129587400302065,-0.7326731426862684,-0.7810432077656022,-0.7546133827004992,0.04107063294264704,72,-0.38854143525580914,-0.39967621888485383,-0.3981851184834711,-0.39444409575915107,-0.3926916531923897,-0.3947077043151349,0.003973295157421933,0.7546133827004992
0.572803544998169,0.031218875188698383,0.02157316207885742,0.002249433101044326,,sqrt,2,5,200,"{'max_depth': None, 'max_features': 'sqrt', 'min_samples_leaf': 2, 'min_samples_split': 5, 'n_estimators': 200}",-0.8214252131412838,-0.7242991183096129,-0.7113585920000487,-0.7299630277244197,-0.7795374685975877,-0.7533166839545906,0.041168422731536494,67,-0.38439407373650086,-0.39810406824415684,-0.39686128022195566,-0.3928384422116524,-0.39019626182049083,-0.3924788252469513,0.004930555699480472,0.7533166839545906
0.764364767074585,0.011600439735350986,0.02696528434753418,0.00108925489839154,,sqrt,2,5,300,"{'max_depth': None, 'max_features': 'sqrt', 'min_samples_leaf': 2, 'min_samples_split': 5, 'n_estimators': 300}",-0.8240646582767266,-0.7250003944121147,-0.7132317576724454,-0.7300912104709772,-0.7816979461109963,-0.754817193388652,0.04182714538790347,74,-0.3834485748158444,-0.3975589790492708,-0.39533641401999947,-0.392323196093749,-0.38846127166788613,-0.39142568712934994,0.005022721509696514,0.754817193388652
0.22210330963134767,0.002387710080792543,0.008770561218261719,0.0001187081867531473,,sqrt,4,2,100,"{'max_depth': None, 'max_features': 'sqrt', 'min_samples_leaf': 4, 'min_samples_split': 2, 'n_estimators': 100}",-0.8262507792916792,-0.7341654947966405,-0.714874640542413,-0.7313424433474951,-0.782472791616185,-0.7578212299188825,0.04097665726488137,79,-0.4975713748453577,-0.5136749204480913,-0.5126566132123188,-0.5071978649285205,-0.5032433254328232,-0.5068688197734222,0.005991936605193127,0.7578212299188825
0.44418978691101074,0.003334987569183113,0.01637129783630371,0.00025900780520307117,,sqrt,4,2,200,"{'max_depth': None, 'max_features': 'sqrt', 'min_samples_leaf': 4, 'min_samples_split': 2, 'n_estimators': 200}",-0.8296741160089041,-0.7338162297992428,-0.7166916192897026,-0.7323182518046559,-0.7816216109767826,-0.7588243655758576,0.04157535511858428,83,-0.4965730289472136,-0.511354335208713,-0.5136036779141792,-0.5067401823285677,-0.5017048808756496,-0.5059952210548645,0.006234555486323199,0.7588243655758576
0.6608763694763183,0.005098891876685661,0.023823070526123046,0.000644793610425302,,sqrt,4,2,300,"{'max_depth': None, 'max_features': 'sqrt', 'min_samples_leaf': 4, 'min_samples_split': 2, 'n_estimators': 300}",-0.826857504268211,-0.7335415928631359,-0.7149512860074534,-0.733203346612506,-0.7826034723585088,-0.758231440421963,0.04101877228319301,81,-0.4955672341079572,-0.5116548996574599,-0.5131109138355003,-0.5076111799653263,-0.5013005632194079,-0.5058489581571303,0.006571942309758744,0.758231440421963
0.2242198944091797,0.002389531672984599,0.00972900390625,0.0008675401623403499,,sqrt,4,5,100,"{'max_depth': None, 'max_features': 'sqrt', 'min_samples_leaf': 4, 'min_samples_split': 5, 'n_estimators': 100}",-0.8262507792916792,-0.7341654947966405,-0.714874640542413,-0.7313424433474951,-0.782472791616185,-0.7578212299188825,0.04097665726488137,79,-0.4975713748453577,-0.5136749204480913,-0.5126566132123188,-0.5071978649285205,-0.5032433254328232,-0.5068688197734222,0.005991936605193127,0.7578212299188825
0.4427778720855713,0.006483822330852235,0.016043615341186524,0.00031976123153851953,,sqrt,4,5,200,"{'max_depth': None, 'max_features': 'sqrt', 'min_samples_leaf': 4, 'min_samples_split': 5, 'n_estimators': 200}",-0.8296741160089041,-0.7338162297992428,-0.7166916192897026,-0.7323182518046559,-0.7816216109767826,-0.7588243655758576,0.04157535511858428,83,-0.4965730289472136,-0.511354335208713,-0.5136036779141792,-0.5067401823285677,-0.5017048808756496,-0.5059952210548645,0.006234555486323199,0.7588243655758576
0.6455438613891602,0.0038151477261654052,0.023023414611816406,0.00022407908886186128,,sqrt,4,5,300,"{'max_depth': None, 'max_features': 'sqrt', 'min_samples_leaf': 4, 'min_samples_split': 5, 'n_estimators': 300}",-0.826857504268211,-0.7335415928631359,-0.7149512860074534,-0.733203346612506,-0.7826034723585088,-0.758231440421963,0.04101877228319301,81,-0.4955672341079572,-0.5116548996574599,-0.5131109138355003,-0.5076111799653263,-0.5013005632194079,-0.5058489581571303,0.006571942309758744,0.758231440421963
0.5403151512145996,0.0043825762974324545,0.010732507705688477,0.0001993120343189021,,0.8,1,2,100,"{'max_depth': None, 'max_features': 0.8, 'min_samples_leaf': 1, 'min_samples_split': 2, 'n_estimators': 100}",-0.8143178855195574,-0.7104482938329272,-0.7091270679106672,-0.7312970559325359,-0.7763722304126711,-0.7483125067216717,0.04099458725714961,17,-0.27323530988270744,-0.2846300183085017,-0.285669108126653,-0.2797733389154214,-0.2840513438389961,-0.2814718238144559,0.004581928072695509,0.7483125067216717
1.1043970584869385,0.01915109751749804,0.021399545669555663,0.0011367796291440818,,0.8,1,2,200,"{'max_depth': None, 'max_features': 0.8, 'min_samples_leaf': 1, 'min_samples_split': 2, 'n_estimators': 200}",-0.8129416776166816,-0.7052809689309546,-0.7106288933926864,-0.7291708019932861,-0.7724276053185114,-0.7460899894504239,0.040919292794176707,5,-0.2693119618843963,-0.2809294907501282,-0.2820947930204857,-0.27749107436161913,-0.27799416402353505,-0.27756429680803285,0.004475290051839279,0.7460899894504239
1.727893018722534,0.020807878041126337,0.03146548271179199,0.0024938015101652177,,0.8,1,2,300,"{'max_depth': None, 'max_features': 0.8, 'min_samples_leaf': 1, 'min_samples_split': 2, 'n_estimators': 300}",-0.8115054708807237,-0.7039852315394693,-0.7085978238173753,-0.7307459559621795,-0.7705836914126114,-0.7450836347224719,0.040713573617805664,1,-0.26844362836115926,-0.27994728951625575,-0.2803650284403308,-0.2768650329040955,-0.2760358632192293,-0.27633136848821416,0.004287980011032483,0.7450836347224719
0.521669340133667,0.011542760340763347,0.009678030014038086,0.0001826877348956748,,0.8,1,5,100,"{'max_depth': None, 'max_features': 0.8, 'min_samples_leaf': 1, 'min_samples_split': 5, 'n_estimators': 100}",-0.8160346346071371,-0.7085507869050882,-0.7091759843232486,-0.7342545445346528,-0.7766979278661962,-0.7489427756472646,0.04171407578590451,22,-0.31560088166426276,-0.3309665658832225,-0.3295623642788237,-0.32748574478968295,-0.3294784735626374,-0.32661880603572585,0.005619457081335856,0.7489427756472646
1.032486867904663,0.008035451071188303,0.019356298446655273,0.0005373627577385623,,0.8,1,5,200,"{'max_depth': None, 'max_features': 0.8, 'min_samples_leaf': 1, 'min_samples_split': 5, 'n_estimators': 200}",-0.8129080850017503,-0.7046699917994435,-0.709424042944619,-0.7325729400959027,-0.7706948444443256,-0.7460539808572083,0.040774425222459026,4,-0.31403038801229566,-0.3269610148360023,-0.32832187239985217,-0.3248696845305212,-0.3244744171723769,-0.3237314753902097,0.005048965212610729,0.7460539808572083
1.5963918685913085,0.038357933042723294,0.030382061004638673,0.001993601965241805,,0.8,1,5,300,"{'max_depth': None, 'max_features': 0.8, 'min_samples_leaf': 1, 'min_samples_split': 5, 'n_estimators': 300}",-0.8094540121784926,-0.704320535788963,-0.7097002712648974,-0.7327987196413244,-0.7719685519380254,-0.7456484181623406,0.039822810419740194,2,-0.313151995236747,-0.32618018510127667,-0.3268437310532398,-0.3236308594627304,-0.3221004016285362,-0.322381434496506,0.004922706328558886,0.7456484181623406
0.5242325305938721,0.01684525330409316,0.010264968872070313,0.0007343190149117824,,0.8,2,2,100,"{'max_depth': None, 'max_features': 0.8, 'min_samples_leaf': 2, 'min_samples_split': 2, 'n_estimators': 100}",-0.822779492657011,-0.709916919878786,-0.708595185505711,-0.734099849888705,-0.7701528086860412,-0.7491088513232509,0.043064710073097194,23,-0.3318020577744535,-0.34773447747821973,-0.3460970639714198,-0.3435624666167815,-0.3434402346843052,-0.3425272601050359,0.0055998884373230145,0.7491088513232509
1.0174110412597657,0.006351557825184523,0.018663883209228516,0.0007429405257230923,,0.8,2,2,200,"{'max_depth': None, 'max_features': 0.8, 'min_samples_leaf': 2, 'min_samples_split': 2, 'n_estimators': 200}",-0.8198315791593822,-0.7093151785208771,-0.7097644445971601,-0.7271773519416546,-0.7702272744753031,-0.7472631657388755,0.04252803464418778,11,-0.3293477443686802,-0.3438547242423412,-0.3448129253393086,-0.34090942848797473,-0.3384613791232567,-0.3394772403123123,0.0055375396208599634,0.7472631657388755
1.6267220020294189,0.04800923197147522,0.035958480834960935,0.012721068153083723,,0.8,2,2,300,"{'max_depth': None, 'max_features': 0.8, 'min_samples_leaf': 2, 'min_samples_split': 2, 'n_estimators': 300}",-0.8189715473411783,-0.7083738792206091,-0.7107738780991694,-0.7278115575604815,-0.7707060174757039,-0.7473273759394286,0.04222285744453093,12,-0.32864131623362675,-0.3433036522653025,-0.34368429292077657,-0.3405315080962323,-0.336751916681547,-0.33858253723949705,0.0055550764573226805,0.7473273759394286
0.5619224071502685,0.03109071283053468,0.012804126739501953,0.004970453010968782,,0.8,2,5,100,"{'max_depth': None, 'max_features': 0.8, 'min_samples_leaf': 2, 'min_samples_split': 5, 'n_estimators': 100}",-0.8256594400953082,-0.7061095951393079,-0.7166656548179424,-0.7254763113796144,-0.7773827494459672,-0.7502587501756282,0.044972855358740266,36,-0.348006583952356,-0.36309137503903544,-0.3618089368456766,-0.35968282877531793,-0.3603242978074255,-0.35858280448396235,0.005419122283834949,0.7502587501756282
0.9977991580963135,0.01331371575094983,0.017814159393310547,0.0003625316429660998,,0.8,2,5,200,"{'max_depth': None, 'max_features': 0.8, 'min_samples_leaf': 2, 'min_samples_split': 5, 'n_estimators': 200}",-0.8209860802214258,-0.7053386283184394,-0.7140900390239969,-0.7226233820755645,-0.7760899191694435,-0.747825609761774,0.044112833120731255,16,-0.3460012177524169,-0.3600395940631878,-0.35992031425982496,-0.3572042717790747,-0.35497414565259566,-0.35562790870142,0.00516668594968345,0.747825609761774
1.4687303066253663,0.015108062024599404,0.025865745544433594,0.0005221925209189154,,0.8,2,5,300,"{'max_depth': None, 'max_features': 0.8, 'min_samples_leaf': 2, 'min_samples_split': 5, 'n_estimators': 300}",-0.8181487315085005,-0.7045996378948474,-0.7109252093930514,-0.7251623346414037,-0.7763704308407712,-0.7470412688557148,0.04359087184204108,10,-0.3451203428248271,-0.36047676416590413,-0.3592637393057452,-0.35662748285081924,-0.35338460075550326,-0.3549745859805598,0.005496126459282823,0.7470412688557148
0.44989566802978515,0.011405488412354654,0.009163522720336914,0.0009507788644256347,,0.8,4,2,100,"{'max_depth': None, 'max_features': 0.8, 'min_samples_leaf': 4, 'min_samples_split': 2, 'n_estimators': 100}",-0.8221810066400741,-0.7145321570884391,-0.7169859438645056,-0.7256368545235128,-0.7731026095461813,-0.7504877143325427,0.04167516671086536,37,-0.44160528041516217,-0.46304750459449057,-0.46132864758274134,-0.45602661916831555,-0.4519541476406219,-0.4547924398802663,0.007672657697000241,0.7504877143325427
0.864154577255249,0.008422447173880316,0.016461849212646484,0.0006057009056904732,,0.8,4,2,200,"{'max_depth': None, 'max_features': 0.8, 'min_samples_leaf': 4, 'min_samples_split': 2, 'n_estimators': 200}",-0.8210251819027251,-0.7122634219256193,-0.7149097581615919,-0.7238556777037688,-0.7721954310913651,-0.7488498941570141,0.04211769199224332,18,-0.4400320761935659,-0.45945341970699344,-0.4596584659107293,-0.4555828876142311,-0.44990319892670844,-0.45292600967044566,0.007353678732707684,0.7488498941570141
1.3253592014312745,0.025056451211060662,0.024651861190795897,0.00024042939048009085,,0.8,4,2,300,"{'max_depth': None, 'max_features': 0.8, 'min_samples_leaf': 4, 'min_samples_split': 2, 'n_estimators': 300}",-0.8211478277625968,-0.7116394866836643,-0.7140987262035573,-0.7241091240122965,-0.7755030419810238,-0.7492996413286276,0.04275683322181314,24,-0.4390823218301104,-0.4595438099757753,-0.4589874827379887,-0.4558689126887785,-0.44990853515672014,-0.45267821247787465,0.007611087215680575,0.7492996413286276
0.4600509166717529,0.019702102417762678,0.01016077995300293,0.0018504755969602623,,0.8,4,5,100,"{'max_depth': None, 'max_features': 0.8, 'min_samples_leaf': 4, 'min_samples_split': 5, 'n_estimators': 100}",-0.8221810066400741,-0.7145321570884391,-0.7169859438645056,-0.7256368545235128,-0.7731026095461813,-0.7504877143325427,0.04167516671086536,37,-0.44160528041516217,-0.46304750459449057,-0.46132864758274134,-0.45602661916831555,-0.4519541476406219,-0.4547924398802663,0.007672657697000241,0.7504877143325427
0.9032817363739014,0.008913555925239673,0.01709880828857422,0.0006094883909764007,,0.8,4,5,200,"{'max_depth': None, 'max_features': 0.8, 'min_samples_leaf': 4, 'min_samples_split': 5, 'n_estimators': 200}",-0.8210251819027251,-0.7122634219256193,-0.7149097581615919,-0.7238556777037688,-0.7721954310913651,-0.7488498941570141,0.04211769199224332,18,-0.4400320761935659,-0.45945341970699344,-0.4596584659107293,-0.4555828876142311,-0.44990319892670844,-0.45292600967044566,0.007353678732707684,0.7488498941570141
1.3077746391296388,0.006048194121120671,0.023639774322509764,0.0006244834557805609,,0.8,4,5,300,"{'max_depth': None, 'max_features': 0.8, 'min_samples_leaf': 4, 'min_samples_split': 5, 'n_estimators': 300}",-0.8211478277625968,-0.7116394866836643,-0.7140987262035573,-0.7241091240122965,-0.7755030419810238,-0.7492996413286276,0.04275683322181314,24,-0.4390823218301104,-0.4595438099757753,-0.4589874827379887,-0.4558689126887785,-0.44990853515672014,-0.45267821247787465,0.007611087215680575,0.7492996413286276
0.1918041706085205,0.0034872206016173706,0.007824134826660157,0.00023751844239234328,8,sqrt,1,2,100,"{'max_depth': 8, 'max_features': 'sqrt', 'min_samples_leaf': 1, 'min_samples_split': 2, 'n_estimators': 100}",-0.8273683872766547,-0.7330264055602952,-0.7207828510001033,-0.736585749191561,-0.7904583853765725,-0.7616443556810374,0.040660742810663474,92,-0.5595685168892053,-0.5744870689022443,-0.572994086175095,-0.5716292602159234,-0.564020019477723,-0.5685397903320382,0.00575617535824155,0.7616443556810374
0.38317337036132815,0.007422127116380364,0.014476871490478516,0.00018160959003960038,8,sqrt,1,2,200,"{'max_depth': 8, 'max_features': 'sqrt', 'min_samples_leaf': 1, 'min_samples_split': 2, 'n_estimators': 200}",-0.8289993624865925,-0.7362153960994806,-0.7164474693598419,-0.7403530575031235,-0.7918914640100844,-0.7627813498918246,0.04144352934174648,94,-0.5591926172734216,-0.572419199280297,-0.5743049373022439,-0.5715933302607034,-0.562276096798473,-0.5679572361830278,0.006041812536968726,0.7627813498918246
0.6018669605255127,0.01141326253120846,0.021824407577514648,0.001589414673554384,8,sqrt,1,2,300,"{'max_depth': 8, 'max_features': 'sqrt', 'min_samples_leaf': 1, 'min_samples_split': 2, 'n_estimators': 300}",-0.826339986443858,-0.7363650314176176,-0.716321934605691,-0.7386941978782552,-0.7949295867088657,-0.7625301474108575,0.04125380937550074,93,-0.5584952670113214,-0.5740646452684186,-0.5755974262837027,-0.5716007520671501,-0.5623915525585669,-0.5684299286378318,0.00675776090933067,0.7625301474108575
0.19501595497131347,0.003753993141034919,0.007959413528442382,0.0003003048873223482,8,sqrt,1,5,100,"{'max_depth': 8, 'max_features': 'sqrt', 'min_samples_leaf': 1, 'min_samples_split': 5, 'n_estimators': 100}",-0.8261415716338703,-0.7309255683361631,-0.7193414601726524,-0.7381095755038708,-0.7902670719774986,-0.760957049524811,0.04065428279385243,91,-0.5685617612637109,-0.589530880782444,-0.5878028444854905,-0.5841431210444569,-0.5708034227571683,-0.580168406066654,0.008765341498175797,0.760957049524811
0.3781637191772461,0.0020591458297634993,0.014737176895141601,0.0007135276167664979,8,sqrt,1,5,200,"{'max_depth': 8, 'max_features': 'sqrt', 'min_samples_leaf': 1, 'min_samples_split': 5, 'n_estimators': 200}",-0.8313753690386687,-0.7350268608219143,-0.720892024648992,-0.7392420870165427,-0.793869676463104,-0.7640812035978445,0.04181458966193038,96,-0.5693285401662614,-0.5863462028486461,-0.5886917476246869,-0.5841429308586364,-0.5721358178680205,-0.5801290478732503,0.007856548762490385,0.7640812035978445
0.5809232234954834,0.015508464121384548,0.021536827087402344,0.0010389018605679724,8,sqrt,1,5,300,"{'max_depth': 8, 'max_features': 'sqrt', 'min_samples_leaf': 1, 'min_samples_split': 5, 'n_estimators': 300}",-0.8310135610459725,-0.737457876034533,-0.721130523193699,-0.739297992900654,-0.795214604944622,-0.764822911623896,0.04150722479084267,100,-0.5700670052987924,-0.5876557664925293,-0.58883164820571,-0.5838877758501954,-0.5720184234648509,-0.5804921238624156,0.007910532092340992,0.764822911623896
0.2125992774963379,0.016551373492901755,0.008594703674316407,0.000724550718216306,8,sqrt,2,2,100,"{'max_depth': 8, 'max_features': 'sqrt', 'min_samples_leaf': 2, 'min_samples_split': 2, 'n_estimators': 100}",-0.8249041489199089,-0.7374722389191283,-0.7273592424630436,-0.7396286798531776,-0.797686307633648,-0.7654101235577813,0.038663597613131956,102,-0.5754128316053586,-0.5886584391797557,-0.5897668268980814,-0.5837578805990166,-0.5777572784097554,-0.5830706513383934,0.005716792091467643,0.7654101235577813
0.42046942710876467,0.017090477764420867,0.014738321304321289,0.00043170680634156135,8,sqrt,2,2,200,"{'max_depth': 8, 'max_features': 'sqrt', 'min_samples_leaf': 2, 'min_samples_split': 2, 'n_estimators': 200}",-0.8259626987128135,-0.7379143772853437,-0.7214536947151311,-0.7399225937303145,-0.7962262542918441,-0.7642959237470894,0.039869384097618525,98,-0.5724083218822072,-0.5868489911792121,-0.5889842005434711,-0.5836805199158434,-0.5746146148724162,-0.58130732967863,0.006622101805357443,0.7642959237470894
0.6224845886230469,0.03922619679647546,0.023326826095581055,0.001289448804320383,8,sqrt,2,2,300,"{'max_depth': 8, 'max_features': 'sqrt', 'min_samples_leaf': 2, 'min_samples_split': 2, 'n_estimators': 300}",-0.8251422264008239,-0.7364013686623282,-0.7220295238617509,-0.7402255242709737,-0.7966664870632297,-0.7640930260518213,0.03973376139316361,97,-0.5710503747815397,-0.5874683421828312,-0.5889012467064686,-0.5840818387408075,-0.5737819220687437,-0.5810567448960781,0.00727800070387976,0.7640930260518213
0.22462973594665528,0.013671060911356782,0.011649036407470703,0.0039900541532770116,8,sqrt,2,5,100,"{'max_depth': 8, 'max_features': 'sqrt', 'min_samples_leaf': 2, 'min_samples_split': 5, 'n_estimators': 100}",-0.8252662022783784,-0.7366805704434313,-0.7258952326812336,-0.7338266064122675,-0.7962703391289587,-0.7635877901888539,0.03975633521537173,95,-0.5741166794922173,-0.5930175034408548,-0.5939973718879928,-0.5890027588140414,-0.5778109175306693,-0.585589046233155,0.008119727029159765,0.7635877901888539
0.4350189208984375,0.028636705382463032,0.01584963798522949,0.0012703023282354547,8,sqrt,2,5,200,"{'max_depth': 8, 'max_features': 'sqrt', 'min_samples_leaf': 2, 'min_samples_split': 5, 'n_estimators': 200}",-0.8294443260768095,-0.7374673220808893,-0.7239026330876303,-0.7352560471554425,-0.7976652087353645,-0.7647471074272272,0.041355802261107105,99,-0.573335020372332,-0.5902907814296766,-0.5946141914172144,-0.5872114169291046,-0.5792107786770413,-0.5849324377650738,0.007679575763542528,0.7647471074272272
0.6930821895599365,0.06793607162680214,0.03267049789428711,0.0053635570979680405,8,sqrt,2,5,300,"{'max_depth': 8, 'max_features': 'sqrt', 'min_samples_leaf': 2, 'min_samples_split': 5, 'n_estimators': 300}",-0.8282392412985442,-0.7407453757817897,-0.7242055221719236,-0.7371390477384849,-0.7959537429408285,-0.7652565859863142,0.039964272890598077,101,-0.5741233163955455,-0.5916834797344991,-0.5955629801918499,-0.5879046764194448,-0.578973074639293,-0.5856495054761265,0.007964915388300166,0.7652565859863142
0.2640777587890625,0.01642764795698494,0.011454486846923828,0.002800508820639605,8,sqrt,4,2,100,"{'max_depth': 8, 'max_features': 'sqrt', 'min_samples_leaf': 4, 'min_samples_split': 2, 'n_estimators': 100}",-0.8392733562622429,-0.7442605333184785,-0.7229328638435792,-0.7375685056330968,-0.7976392653579272,-0.768334904883065,0.04353964043605782,105,-0.6006403775112835,-0.6174126734888602,-0.6190093429770689,-0.61707630093529,-0.6058161293182641,-0.6119909648461533,0.00736854973488517,0.768334904883065
0.47888917922973634,0.024150732249434263,0.017392873764038086,0.0033509315639457036,8,sqrt,4,2,200,"{'max_depth': 8, 'max_features': 'sqrt', 'min_samples_leaf': 4, 'min_samples_split': 2, 'n_estimators': 200}",-0.8381740476349007,-0.7437289424908214,-0.7228225213296677,-0.7368345618968402,-0.7996116983509929,-0.7682343543406447,0.04364583638355129,103,-0.5994851687067952,-0.6184150509264991,-0.6183513198247753,-0.6168411614648971,-0.6060423314936654,-0.6118270064833264,0.00770576626663511,0.7682343543406447
0.6352762222290039,0.026672448707305053,0.023601436614990236,0.0023717281970940286,8,sqrt,4,2,300,"{'max_depth': 8, 'max_features': 'sqrt', 'min_samples_leaf': 4, 'min_samples_split': 2, 'n_estimators': 300}",-0.8340723786030294,-0.7437858487574838,-0.7254099138989063,-0.7380255499642613,-0.8007259362307463,-0.7684039254908853,0.041795785784858784,107,-0.5993963689884839,-0.6181485382496031,-0.6198756449643402,-0.617258277493008,-0.6055532587600868,-0.6120464176911045,0.008097913344600012,0.7684039254908853
0.23522872924804689,0.026766579124768115,0.009571695327758789,0.0014669669197768648,8,sqrt,4,5,100,"{'max_depth': 8, 'max_features': 'sqrt', 'min_samples_leaf': 4, 'min_samples_split': 5, 'n_estimators': 100}",-0.8392733562622429,-0.7442605333184785,-0.7229328638435792,-0.7375685056330968,-0.7976392653579272,-0.768334904883065,0.04353964043605782,105,-0.6006403775112835,-0.6174126734888602,-0.6190093429770689,-0.61707630093529,-0.6058161293182641,-0.6119909648461533,0.00736854973488517,0.768334904883065
0.4295971870422363,0.02103504255220711,0.018375968933105467,0.002922877078351918,8,sqrt,4,5,200,"{'max_depth': 8, 'max_features': 'sqrt', 'min_samples_leaf': 4, 'min_samples_split': 5, 'n_estimators': 200}",-0.8381740476349007,-0.7437289424908214,-0.7228225213296677,-0.7368345618968402,-0.7996116983509929,-0.7682343543406447,0.04364583638355129,103,-0.5994851687067952,-0.6184150509264991,-0.6183513198247753,-0.6168411614648971,-0.6060423314936654,-0.6118270064833264,0.00770576626663511,0.7682343543406447
0.5714512825012207,0.02001331111518008,0.020609140396118164,0.0003093995297786432,8,sqrt,4,5,300,"{'max_depth': 8, 'max_features': 'sqrt', 'min_samples_leaf': 4, 'min_samples_split': 5, 'n_estimators': 300}",-0.8340723786030294,-0.7437858487574838,-0.7254099138989063,-0.7380255499642613,-0.8007259362307463,-0.7684039254908853,0.041795785784858784,107,-0.5993963689884839,-0.6181485382496031,-0.6198756449643402,-0.617258277493008,-0.6055532587600868,-0.6120464176911045,0.008097913344600012,0.7684039254908853
0.3789697170257568,0.0011502489204507466,0.007717609405517578,0.00015747347714231883,8,0.8,1,2,100,"{'max_depth': 8, 'max_features': 0.8, 'min_samples_leaf': 1, 'min_samples_split': 2, 'n_estimators': 100}",-0.8181674876420618,-0.713344398471556,-0.7119824417984886,-0.7374251820755372,-0.7865452529566397,-0.7534929525888566,0.04211520437325741,69,-0.5111903578951739,-0.5392019713204785,-0.5368967147137013,-0.5338142861380243,-0.5282496258623696,-0.5298705911859496,0.010035660828220343,0.7534929525888566
0.7555774211883545,0.0011604357380895027,0.014377021789550781,0.00047460969416375574,8,0.8,1,2,200,"{'max_depth': 8, 'max_features': 0.8, 'min_samples_leaf': 1, 'min_samples_split': 2, 'n_estimators': 200}",-0.8149498642539846,-0.7095349759785967,-0.7154117183447632,-0.7321273278742925,-0.7827888813667592,-0.7509625535636792,0.04109054116681224,45,-0.510792737287838,-0.5348648566368066,-0.5364240135630337,-0.5333474689537311,-0.5248985270808761,-0.5280655207044571,0.009511816281500154,0.7509625535636792
1.1446690082550048,0.005852201126922029,0.0214111328125,0.0009196628286903085,8,0.8,1,2,300,"{'max_depth': 8, 'max_features': 0.8, 'min_samples_leaf': 1, 'min_samples_split': 2, 'n_estimators': 300}",-0.8132773842650428,-0.7082011521136518,-0.7142213506149284,-0.7330085334777138,-0.7842650940441102,-0.7505947029030894,0.04121242784060852,39,-0.5107684406266992,-0.5349944312717558,-0.5361414203329703,-0.5327581040552126,-0.524006204434951,-0.5277337201443179,0.009490699286110927,0.7505947029030894
0.38160929679870603,0.003770199396082556,0.007956647872924804,0.00031114370329824023,8,0.8,1,5,100,"{'max_depth': 8, 'max_features': 0.8, 'min_samples_leaf': 1, 'min_samples_split': 5, 'n_estimators': 100}",-0.8141133750276669,-0.7121538816863796,-0.7107692979929862,-0.7375909902589484,-0.785722612088649,-0.7520700314109259,0.04120816641343907,54,-0.5218733011690826,-0.5425719349364296,-0.5451790333534279,-0.5460670780172073,-0.5376449910821097,-0.5386672677116515,0.008893695207371537,0.7520700314109259
0.7620911121368408,0.0014052852138285107,0.014768218994140625,0.0002178218861431005,8,0.8,1,5,200,"{'max_depth': 8, 'max_features': 0.8, 'min_samples_leaf': 1, 'min_samples_split': 5, 'n_estimators': 200}",-0.8135913343226181,-0.7093469991388245,-0.7116071650137971,-0.7344349347834348,-0.7818791333407639,-0.7501719133198876,0.041058340650917416,35,-0.520529144256977,-0.5408873080551588,-0.5442459122125268,-0.5445651261017735,-0.5348792694727369,-0.5370213520198346,0.008951311054544648,0.7501719133198876
1.2281939029693603,0.04275764651543458,0.02395453453063965,0.004313419476912312,8,0.8,1,5,300,"{'max_depth': 8, 'max_features': 0.8, 'min_samples_leaf': 1, 'min_samples_split': 5, 'n_estimators': 300}",-0.8107457260767328,-0.7090727305452781,-0.7118185420591566,-0.7341227124640922,-0.782068314316191,-0.7495656050922902,0.04025526027737977,31,-0.5197392181444638,-0.5420907938098461,-0.5446300291163751,-0.5445556443559805,-0.533667881312768,-0.5369367133478867,0.009489350523336049,0.7495656050922902
0.42323884963989256,0.03698371513790251,0.009259033203125,0.0018583125393391508,8,0.8,2,2,100,"{'max_depth': 8, 'max_features': 0.8, 'min_samples_leaf': 2, 'min_samples_split': 2, 'n_estimators': 100}",-0.8154857139849974,-0.7122957894020588,-0.7128308829382985,-0.7339855586485844,-0.7845751641835376,-0.7518346218314953,0.04129553152552647,51,-0.5171877746292128,-0.5436829814315347,-0.5472664924090528,-0.5434812998804087,-0.5346465735512042,-0.5372530243802827,0.010861060158629355,0.7518346218314953
0.8076856136322021,0.01793763047483113,0.016340303421020507,0.0016575721593749882,8,0.8,2,2,200,"{'max_depth': 8, 'max_features': 0.8, 'min_samples_leaf': 2, 'min_samples_split': 2, 'n_estimators': 200}",-0.8149859249194643,-0.7124871485510358,-0.7121146532156992,-0.7288749917668957,-0.7806336253729295,-0.7498192687652049,0.041110109753875856,32,-0.5170495003011989,-0.5405559890795565,-0.5464092389078948,-0.5433548911222946,-0.5321775784396413,-0.5359094395701172,0.010553625481487685,0.7498192687652049
1.2393441200256348,0.015608116933362082,0.023673582077026366,0.0030652786611909725,8,0.8,2,2,300,"{'max_depth': 8, 'max_features': 0.8, 'min_samples_leaf': 2, 'min_samples_split': 2, 'n_estimators': 300}",-0.8148780467639541,-0.7141330826767731,-0.7123065862559796,-0.7276532502063336,-0.7817306281035492,-0.7501403188013179,0.041042664848207344,34,-0.5175397194119046,-0.5408341107478452,-0.5452410531243556,-0.5425921910221382,-0.5318112050300587,-0.5356036558672604,0.010097179718867894,0.7501403188013179
0.42434186935424806,0.004479720969895989,0.010590410232543946,0.0019509179072908446,8,0.8,2,5,100,"{'max_depth': 8, 'max_features': 0.8, 'min_samples_leaf': 2, 'min_samples_split': 5, 'n_estimators': 100}",-0.8147732209718573,-0.7104919929763718,-0.7109267419350926,-0.735626966391721,-0.7850592933152797,-0.7513756431180645,0.04173595199054433,50,-0.521839054932694,-0.546985945509444,-0.5483889674709211,-0.5495622117230078,-0.5410474229459512,-0.5415647205164037,0.010288725596669985,0.7513756431180645
0.8640254020690918,0.02748538090277874,0.015102481842041016,0.0004484895839560652,8,0.8,2,5,200,"{'max_depth': 8, 'max_features': 0.8, 'min_samples_leaf': 2, 'min_samples_split': 5, 'n_estimators': 200}",-0.8166451313911259,-0.7102035069125666,-0.7135397995159168,-0.731884747815446,-0.7819447429819795,-0.7508435857234069,0.04171271125465029,43,-0.5212822436657858,-0.544353044438819,-0.5477774463740317,-0.5467714297713441,-0.5377982170660626,-0.5395964762632086,0.009794672249544044,0.7508435857234069
1.2194636821746827,0.03079303490393131,0.024742794036865235,0.002764430545135958,8,0.8,2,5,300,"{'max_depth': 8, 'max_features': 0.8, 'min_samples_leaf': 2, 'min_samples_split': 5, 'n_estimators': 300}",-0.8155221514232883,-0.7109631018506166,-0.7136982655889844,-0.731187728045592,-0.782383516662413,-0.7507509527141789,0.0413149409853779,41,-0.5202217434933103,-0.5446319949008652,-0.5474918914169024,-0.5471445686636421,-0.536957623871146,-0.5392895644691732,0.010261974126748931,0.7507509527141789
0.40585899353027344,0.009106722659385164,0.00832672119140625,0.0003581271628031853,8,0.8,4,2,100,"{'max_depth': 8, 'max_features': 0.8, 'min_samples_leaf': 4, 'min_samples_split': 2, 'n_estimators': 100}",-0.8226055715836644,-0.7179513876854101,-0.7180203185678632,-0.7294997150153381,-0.7863552481406968,-0.7548864481985945,0.04229411654738449,75,-0.5443636222574688,-0.5699081697306736,-0.5721163373586206,-0.5684656067161727,-0.5627484623999887,-0.5635204396925848,0.010067043575929234,0.7548864481985945
0.8004595279693604,0.0038134705705017897,0.015480709075927735,0.0012139982941456852,8,0.8,4,2,200,"{'max_depth': 8, 'max_features': 0.8, 'min_samples_leaf': 4, 'min_samples_split': 2, 'n_estimators': 200}",-0.822430904575222,-0.7166187670872269,-0.7160341371521614,-0.7272231898291327,-0.7807251998845205,-0.7526064397056527,0.0422920225034636,60,-0.5422091383289719,-0.5689149098858615,-0.5709434954510911,-0.5677493349986368,-0.5601682224869327,-0.5619970202302987,0.010544102737396234,0.7526064397056527
1.1638837814331056,0.024127589510625744,0.021639394760131835,0.001056030633183956,8,0.8,4,2,300,"{'max_depth': 8, 'max_features': 0.8, 'min_samples_leaf': 4, 'min_samples_split': 2, 'n_estimators': 300}",-0.8223367281219478,-0.715944262999233,-0.7160213177026081,-0.7255497432344886,-0.7814894537915262,-0.7522683011699607,0.04268634702974938,56,-0.5411949757265788,-0.5688408968398249,-0.5698607117571409,-0.5679209016176857,-0.5591368628424482,-0.5613908697567357,0.010796639532767542,0.7522683011699607
0.37695951461791993,0.005992370294789267,0.007914113998413085,0.0004177363868133158,8,0.8,4,5,100,"{'max_depth': 8, 'max_features': 0.8, 'min_samples_leaf': 4, 'min_samples_split': 5, 'n_estimators': 100}",-0.8226055715836644,-0.7179513876854101,-0.7180203185678632,-0.7294997150153381,-0.7863552481406968,-0.7548864481985945,0.04229411654738449,75,-0.5443636222574688,-0.5699081697306736,-0.5721163373586206,-0.5684656067161727,-0.5627484623999887,-0.5635204396925848,0.010067043575929234,0.7548864481985945
0.7384322166442872,0.0032610247236486067,0.013995790481567382,0.00025978938234462836,8,0.8,4,5,200,"{'max_depth': 8, 'max_features': 0.8, 'min_samples_leaf': 4, 'min_samples_split': 5, 'n_estimators': 200}",-0.822430904575222,-0.7166187670872269,-0.7160341371521614,-0.7272231898291327,-0.7807251998845205,-0.7526064397056527,0.0422920225034636,60,-0.5422091383289719,-0.5689149098858615,-0.5709434954510911,-0.5677493349986368,-0.5601682224869327,-0.5619970202302987,0.010544102737396234,0.7526064397056527
1.1263864040374756,0.04010663007334849,0.02179064750671387,0.0008844729503439542,8,0.8,4,5,300,"{'max_depth': 8, 'max_features': 0.8, 'min_samples_leaf': 4, 'min_samples_split': 5, 'n_estimators': 300}",-0.8223367281219478,-0.715944262999233,-0.7160213177026081,-0.7255497432344886,-0.7814894537915262,-0.7522683011699607,0.04268634702974938,56,-0.5411949757265788,-0.5688408968398249,-0.5698607117571409,-0.5679209016176857,-0.5591368628424482,-0.5613908697567357,0.010796639532767542,0.7522683011699607
0.29834136962890623,0.0071149534109001536,0.011324357986450196,0.0003952808456930405,16,sqrt,1,2,100,"{'max_depth': 16, 'max_features': 'sqrt', 'min_samples_leaf': 1, 'min_samples_split': 2, 'n_estimators': 100}",-0.817718599731987,-0.7296528559712685,-0.706654990586064,-0.7294916560988344,-0.7769903878055336,-0.7521016980387375,0.040013978535288465,55,-0.2902181018107192,-0.3008536457585698,-0.3012905981385086,-0.29878311344470143,-0.29843780317282803,-0.29791665246506543,0.0040074798534840686,0.7521016980387375
0.5603175640106202,0.009433590476844068,0.019924736022949217,0.0005537094307395725,16,sqrt,1,2,200,"{'max_depth': 16, 'max_features': 'sqrt', 'min_samples_leaf': 1, 'min_samples_split': 2, 'n_estimators': 200}",-0.8184053081754128,-0.7265317958982856,-0.7082100804590855,-0.7317077980205934,-0.7754220569488387,-0.7520554079004432,0.039840186470819654,53,-0.2868246255796373,-0.29659267742864964,-0.29839462590740146,-0.2939632899526346,-0.29202614164038454,-0.2935602721017415,0.004011268440687964,0.7520554079004432
0.8156308174133301,0.0026005907085139383,0.02904195785522461,0.0007387331002282351,16,sqrt,1,2,300,"{'max_depth': 16, 'max_features': 'sqrt', 'min_samples_leaf': 1, 'min_samples_split': 2, 'n_estimators': 300}",-0.8156988683716759,-0.7240018725157402,-0.7074385582563455,-0.7302823169038961,-0.7765553355821095,-0.7507953903259535,0.03973544993329974,42,-0.2850954600750641,-0.2955463285306125,-0.2966476490021866,-0.29335568562943226,-0.2901875976558705,-0.2921665441786332,0.00416734351440504,0.7507953903259535
0.24538373947143555,0.0016739001994760029,0.00936594009399414,0.00016447319806095565,16,sqrt,1,5,100,"{'max_depth': 16, 'max_features': 'sqrt', 'min_samples_leaf': 1, 'min_samples_split': 5, 'n_estimators': 100}",-0.8227687945695601,-0.72757238308756,-0.7181045850601895,-0.7328346311438292,-0.7805419007527116,-0.75636445892277,0.03959934055087139,78,-0.3482779593126465,-0.36570873046223323,-0.3641345973523745,-0.3585053679878242,-0.35759646121847133,-0.35884462326671,0.006138846523242886,0.75636445892277
0.511122751235962,0.00884329187752534,0.019233226776123047,0.0009345317104626966,16,sqrt,1,5,200,"{'max_depth': 16, 'max_features': 'sqrt', 'min_samples_leaf': 1, 'min_samples_split': 5, 'n_estimators': 200}",-0.8203611121316631,-0.7241098031554271,-0.7130175802992011,-0.7310444169341703,-0.7780256366545711,-0.7533117098350066,0.04019602241288173,66,-0.3464748162890938,-0.36222542962588666,-0.36197714678665655,-0.35639813359104927,-0.35484505096087804,-0.3563841154507129,0.005761355338885585,0.7533117098350066
0.7681895732879639,0.012314166857057274,0.027075862884521483,0.0005505024503637435,16,sqrt,1,5,300,"{'max_depth': 16, 'max_features': 'sqrt', 'min_samples_leaf': 1, 'min_samples_split': 5, 'n_estimators': 300}",-0.8164099589781628,-0.723248836591608,-0.7114657989902998,-0.7299928269911696,-0.7785586417133222,-0.7519352126529124,0.039516957855824264,52,-0.3454621301458649,-0.3614722748902489,-0.3615746389685658,-0.3558401553673733,-0.35230975457618,-0.3553317907896466,0.006057722955328813,0.7519352126529124
0.2587119579315186,0.0016518806612833689,0.01017913818359375,0.00017936637735092864,16,sqrt,2,2,100,"{'max_depth': 16, 'max_features': 'sqrt', 'min_samples_leaf': 2, 'min_samples_split': 2, 'n_estimators': 100}",-0.8211875989273489,-0.725847860620003,-0.7099844669788536,-0.7328490717494838,-0.7818578506676267,-0.7543453697886632,0.04115071993696435,71,-0.37203243624748794,-0.38432622660984317,-0.3846891783839074,-0.3808231500668007,-0.37898729590157676,-0.3801716574419232,0.004598750199407724,0.7543453697886632
0.4944356918334961,0.008627249803318129,0.018172025680541992,0.0006666432288714869,16,sqrt,2,2,200,"{'max_depth': 16, 'max_features': 'sqrt', 'min_samples_leaf': 2, 'min_samples_split': 2, 'n_estimators': 200}",-0.8197045774638799,-0.7285262218764583,-0.7114072438374405,-0.7322954585551785,-0.7819255910365258,-0.7547718185538965,0.04007017590125167,73,-0.37013164490450967,-0.3829283717853477,-0.38561146114617656,-0.37834889601516286,-0.37587212044887064,-0.3785784988600135,0.005424214160621278,0.7547718185538965
0.7365889549255371,0.025898115968447755,0.026477527618408204,0.0006693838668151361,16,sqrt,2,2,300,"{'max_depth': 16, 'max_features': 'sqrt', 'min_samples_leaf': 2, 'min_samples_split': 2, 'n_estimators': 300}",-0.8198383878944001,-0.7283791069743422,-0.710316406943546,-0.7313975153752524,-0.7798431482956111,-0.7539549130966303,0.04019480126380571,70,-0.3690776491171964,-0.38175252238341917,-0.3845823676045947,-0.3781266562137098,-0.37531206947548124,-0.3777702529588803,0.005366459290492006,0.7539549130966303
0.25298752784729006,0.010293836780853044,0.009993982315063477,0.0005778524182760554,16,sqrt,2,5,100,"{'max_depth': 16, 'max_features': 'sqrt', 'min_samples_leaf': 2, 'min_samples_split': 5, 'n_estimators': 100}",-0.8260972552871009,-0.7287380079723309,-0.7106841549337606,-0.7273849401675517,-0.783371272700535,-0.7552551262122558,0.04307110691828665,77,-0.3920847800469603,-0.40201692635913383,-0.4031069661157117,-0.3980149730060285,-0.3968463894281752,-0.39841400699120194,0.0039415900338083286,0.7552551262122558
0.4883570671081543,0.013116320965775174,0.01944842338562012,0.0019054764953429985,16,sqrt,2,5,200,"{'max_depth': 16, 'max_features': 'sqrt', 'min_samples_leaf': 2, 'min_samples_split': 5, 'n_estimators': 200}",-0.8228507028287625,-0.7260955474578749,-0.7094112393179893,-0.7281300399873638,-0.7796866655786143,-0.753234839034121,0.0420318155542497,64,-0.3883421657498911,-0.4019642534308527,-0.401900798394432,-0.39728965380578707,-0.3933691841140797,-0.3965732110990085,0.005214896172035816,0.753234839034121
0.7700281620025635,0.01916795711851904,0.03011031150817871,0.0009021281225685412,16,sqrt,2,5,300,"{'max_depth': 16, 'max_features': 'sqrt', 'min_samples_leaf': 2, 'min_samples_split': 5, 'n_estimators': 300}",-0.8248524232848086,-0.7249863083460769,-0.7096644599905095,-0.7256131953299085,-0.7818496378286621,-0.7533932049559932,0.043375274758991805,68,-0.38788688022980955,-0.40224030782665576,-0.4009238139526121,-0.3967764099408856,-0.39156246326211497,-0.39587797504241556,0.0054631161851425416,0.7533932049559932
0.2450643539428711,0.008276341287900656,0.010134029388427734,0.0005657433936003991,16,sqrt,4,2,100,"{'max_depth': 16, 'max_features': 'sqrt', 'min_samples_leaf': 4, 'min_samples_split': 2, 'n_estimators': 100}",-0.8273469948257406,-0.7341946123911494,-0.7146868457075619,-0.7370732920927945,-0.7838910849292139,-0.759438565989292,0.040864800323620776,87,-0.4970670107774437,-0.513606584459298,-0.512923597476874,-0.5088698885169887,-0.5042180680560852,-0.5073370298573379,0.006132991488077232,0.759438565989292
0.4626467227935791,0.0023223423716471608,0.017445135116577148,0.00046972740288136816,16,sqrt,4,2,200,"{'max_depth': 16, 'max_features': 'sqrt', 'min_samples_leaf': 4, 'min_samples_split': 2, 'n_estimators': 200}",-0.8285029393681012,-0.735942795906013,-0.7177635468958709,-0.7363472280217637,-0.7844610091688549,-0.7606035038721207,0.040524790558130484,89,-0.4964288044387543,-0.5113635696318439,-0.5142977166431604,-0.5072911255187611,-0.5031738166970287,-0.5065110065859096,0.006286118733692565,0.7606035038721207
0.672614336013794,0.007824934048949187,0.02449188232421875,0.0015815317812162616,16,sqrt,4,2,300,"{'max_depth': 16, 'max_features': 'sqrt', 'min_samples_leaf': 4, 'min_samples_split': 2, 'n_estimators': 300}",-0.826192199783153,-0.7341296035021964,-0.7160631466531712,-0.7352368428179786,-0.7838263112639465,-0.7590896208040891,0.04039280856730161,85,-0.49553255458872414,-0.5115732755324593,-0.5139877085608711,-0.5083210418493734,-0.5022338801470051,-0.5063296921356866,0.006685203230181714,0.7590896208040891
0.2227480411529541,0.004827643215798102,0.008880901336669921,0.00010746817884541871,16,sqrt,4,5,100,"{'max_depth': 16, 'max_features': 'sqrt', 'min_samples_leaf': 4, 'min_samples_split': 5, 'n_estimators': 100}",-0.8273469948257406,-0.7341946123911494,-0.7146868457075619,-0.7370732920927945,-0.7838910849292139,-0.759438565989292,0.040864800323620776,87,-0.4970670107774437,-0.513606584459298,-0.512923597476874,-0.5088698885169887,-0.5042180680560852,-0.5073370298573379,0.006132991488077232,0.759438565989292
0.45845918655395507,0.005884144917436982,0.01707620620727539,0.0007628752770850604,16,sqrt,4,5,200,"{'max_depth': 16, 'max_features': 'sqrt', 'min_samples_leaf': 4, 'min_samples_split': 5, 'n_estimators': 200}",-0.8285029393681012,-0.735942795906013,-0.7177635468958709,-0.7363472280217637,-0.7844610091688549,-0.7606035038721207,0.040524790558130484,89,-0.4964288044387543,-0.5113635696318439,-0.5142977166431604,-0.5072911255187611,-0.5031738166970287,-0.5065110065859096,0.006286118733692565,0.7606035038721207
0.7269241333007812,0.035642365059721876,0.030904102325439452,0.009658423123458612,16,sqrt,4,5,300,"{'max_depth': 16, 'max_features': 'sqrt', 'min_samples_leaf': 4, 'min_samples_split': 5, 'n_estimators': 300}",-0.826192199783153,-0.7341296035021964,-0.7160631466531712,-0.7352368428179786,-0.7838263112639465,-0.7590896208040891,0.04039280856730161,85,-0.49553255458872414,-0.5115732755324593,-0.5139877085608711,-0.5083210418493734,-0.5022338801470051,-0.5063296921356866,0.006685203230181714,0.7590896208040891
0.5662085056304932,0.034030275445420075,0.010136699676513672,0.00017803662788197345,16,0.8,1,2,100,"{'max_depth': 16, 'max_features': 0.8, 'min_samples_leaf': 1, 'min_samples_split': 2, 'n_estimators': 100}",-0.8203108359240355,-0.7084030470366566,-0.7105513849905405,-0.7393599756587723,-0.7711800387532848,-0.7499610564726579,0.041933065585327195,33,-0.2819440720617293,-0.2992859195955584,-0.29561862752702495,-0.2906598517384819,-0.29567283830089025,-0.29263626184473696,0.006009365509002993,0.7499610564726579
1.0652149200439454,0.006549104643629581,0.019585609436035156,0.0003587646536800317,16,0.8,1,2,200,"{'max_depth': 16, 'max_features': 0.8, 'min_samples_leaf': 1, 'min_samples_split': 2, 'n_estimators': 200}",-0.8148604268955745,-0.7022926177029036,-0.7105449502153266,-0.7368094222065257,-0.7695434595206717,-0.7468101753082005,0.0413391666606096,8,-0.28020745439391315,-0.29579037500523553,-0.2946912601194905,-0.2882972665879733,-0.28999450981538155,-0.2897961731843988,0.005551971145783052,0.7468101753082005
1.6353336334228517,0.017345197841430543,0.029941654205322264,0.001022910073735257,16,0.8,1,2,300,"{'max_depth': 16, 'max_features': 0.8, 'min_samples_leaf': 1, 'min_samples_split': 2, 'n_estimators': 300}",-0.8100233029895738,-0.7036115979421362,-0.7111870044090997,-0.736686517088011,-0.7708470302170505,-0.7464710905291743,0.03952394428660042,6,-0.27954432149345904,-0.29433736031182606,-0.2924238910089686,-0.287958597211463,-0.2879451885343058,-0.28844187171200447,0.005104114258623946,0.7464710905291743
0.5003379344940185,0.002096325769846474,0.009875631332397461,0.0003407243442420128,16,0.8,1,5,100,"{'max_depth': 16, 'max_features': 0.8, 'min_samples_leaf': 1, 'min_samples_split': 5, 'n_estimators': 100}",-0.8181319032327382,-0.708621273222992,-0.7064125294797764,-0.7346809838323856,-0.7789224359763507,-0.7493538251488486,0.04318127998012861,28,-0.32384680649898645,-0.3411743731997497,-0.33747662780036464,-0.336516023250427,-0.33825511227776783,-0.3354537886054591,0.006008573156530002,0.7493538251488486
1.0152667045593262,0.020589010758547303,0.01903977394104004,0.0011408410934026535,16,0.8,1,5,200,"{'max_depth': 16, 'max_features': 0.8, 'min_samples_leaf': 1, 'min_samples_split': 5, 'n_estimators': 200}",-0.8144728247504994,-0.7046440330239465,-0.7094773993963217,-0.7311879142867574,-0.773158941094525,-0.74658822251041,0.04168457754286684,7,-0.32035017018170986,-0.33815625281858297,-0.3357112982471956,-0.332100833497929,-0.3328506574255065,-0.3318338424341848,0.006131679411181828,0.74658822251041
1.5569600105285644,0.04745733610932434,0.029869461059570314,0.0017890897424968845,16,0.8,1,5,300,"{'max_depth': 16, 'max_features': 0.8, 'min_samples_leaf': 1, 'min_samples_split': 5, 'n_estimators': 300}",-0.8093155146188886,-0.7046229832875753,-0.7083811391812452,-0.732187698499145,-0.7739584075782665,-0.7456931486330242,0.04026927372335321,3,-0.31951581412234903,-0.33737536142776153,-0.33510871764369693,-0.33168036026156045,-0.3304517012676604,-0.33082639094460564,0.006164838040816243,0.7456931486330242
0.5310622215270996,0.007926828871057638,0.010380792617797851,0.0002777838755979535,16,0.8,2,2,100,"{'max_depth': 16, 'max_features': 0.8, 'min_samples_leaf': 2, 'min_samples_split': 2, 'n_estimators': 100}",-0.822327656571482,-0.7118483986998307,-0.7159146946913406,-0.734133054839232,-0.7771494934711077,-0.7522746596545986,0.04198005999668197,58,-0.334593013503825,-0.35203692618448884,-0.351273582058427,-0.34690640762707353,-0.349076986281491,-0.3467773831310611,0.006350469008009705,0.7522746596545986
0.9863325119018554,0.00994485817932987,0.018163061141967772,0.0007688189929693192,16,0.8,2,2,200,"{'max_depth': 16, 'max_features': 0.8, 'min_samples_leaf': 2, 'min_samples_split': 2, 'n_estimators': 200}",-0.8164823536430431,-0.7078045572670005,-0.7150379586754553,-0.7270603948569895,-0.7723983804136895,-0.7477567289712356,0.04104985912682958,15,-0.33213883483943135,-0.34992453034209786,-0.3498615079979886,-0.34462066791502693,-0.3441969539745414,-0.3441484990138172,0.006487809098524988,0.7477567289712356
1.6058730125427245,0.022387967023958406,0.027672433853149415,0.0007845185658327955,16,0.8,2,2,300,"{'max_depth': 16, 'max_features': 0.8, 'min_samples_leaf': 2, 'min_samples_split': 2, 'n_estimators': 300}",-0.8168852438596076,-0.7070952088800965,-0.7131757753863418,-0.7262313119400547,-0.7737734555438375,-0.7474321991219876,0.04187514818944304,14,-0.33166056644872705,-0.3494348718001765,-0.34886130240164104,-0.3447264483739889,-0.3424033365633864,-0.343417305117584,0.006431346789448634,0.7474321991219876
0.515270471572876,0.014391507698808599,0.010383892059326171,0.0009191600853959241,16,0.8,2,5,100,"{'max_depth': 16, 'max_features': 0.8, 'min_samples_leaf': 2, 'min_samples_split': 5, 'n_estimators': 100}",-0.8221207685820255,-0.7062063604021135,-0.7117822283834473,-0.7340914302306315,-0.7794641641622433,-0.7507329903520922,0.04404184234346203,40,-0.35173366149879676,-0.3684030949543895,-0.36813666567790637,-0.3644529694792849,-0.3648373109120938,-0.3635127405044942,0.006110343200952176,0.7507329903520922
1.027742624282837,0.019803656941373968,0.018786144256591798,0.0012136943353506886,16,0.8,2,5,200,"{'max_depth': 16, 'max_features': 0.8, 'min_samples_leaf': 2, 'min_samples_split': 5, 'n_estimators': 200}",-0.8208031091378695,-0.7051069190702285,-0.7103337072642171,-0.7252433566973385,-0.7753206487238931,-0.7473615481787094,0.04431952900856356,13,-0.3492803925237555,-0.36555266093622785,-0.3673095399185595,-0.36178701166456845,-0.3595047087140198,-0.36068686275142625,0.0063285262690340625,0.7473615481787094
1.4339410305023192,0.013904496439814727,0.025516462326049805,0.0008843870813888393,16,0.8,2,5,300,"{'max_depth': 16, 'max_features': 0.8, 'min_samples_leaf': 2, 'min_samples_split': 5, 'n_estimators': 300}",-0.8163976432483057,-0.7065307090797264,-0.7094896935910818,-0.7269835754434535,-0.7751458265144371,-0.7469094895754009,0.04255261055311101,9,-0.34752036010237014,-0.36512015405333925,-0.3654099060742657,-0.3612117248756087,-0.3575327451877777,-0.3593589780586723,0.006583700343622934,0.7469094895754009
0.424821138381958,0.0019826854232841942,0.008434534072875977,9.010456053414548e-05,16,0.8,4,2,100,"{'max_depth': 16, 'max_features': 0.8, 'min_samples_leaf': 4, 'min_samples_split': 2, 'n_estimators': 100}",-0.8184965233138461,-0.7142253372074997,-0.7169306796948451,-0.7233452305860052,-0.774396620493293,-0.7494788782590979,0.04091330867605087,29,-0.4418944177300575,-0.4637920910635103,-0.46279898641435374,-0.4565423962105736,-0.45405594344930356,-0.45581676697355966,0.00787167108548596,0.7494788782590979
0.8564489841461181,0.008410853384164826,0.01599149703979492,0.00024413775650961874,16,0.8,4,2,200,"{'max_depth': 16, 'max_features': 0.8, 'min_samples_leaf': 4, 'min_samples_split': 2, 'n_estimators': 200}",-0.8207079140594244,-0.7119362440743372,-0.7142575081589555,-0.7240905683855674,-0.7734376986273067,-0.7488859866611183,0.0422857034557589,20,-0.44038781481432315,-0.46065192147897926,-0.4608114768584961,-0.45549650968881905,-0.45206827024733903,-0.45388319861759135,0.007507846164605078,0.7488859866611183
1.3449392795562745,0.02054051437002159,0.02450118064880371,0.001017611682866283,16,0.8,4,2,300,"{'max_depth': 16, 'max_features': 0.8, 'min_samples_leaf': 4, 'min_samples_split': 2, 'n_estimators': 300}",-0.8206886624063451,-0.7111513083737486,-0.7141196158894136,-0.7245022024840535,-0.7760763119494714,-0.7493076202206066,0.04271118020389697,26,-0.43936762239924,-0.4602917261811424,-0.46008930762298894,-0.4559564265372291,-0.4512709731398849,-0.45339521117609705,0.007748784481559695,0.7493076202206066
0.4498122215270996,0.015826203923930776,0.008783531188964844,0.00024548206751048634,16,0.8,4,5,100,"{'max_depth': 16, 'max_features': 0.8, 'min_samples_leaf': 4, 'min_samples_split': 5, 'n_estimators': 100}",-0.8184965233138461,-0.7142253372074997,-0.7169306796948451,-0.7233452305860052,-0.774396620493293,-0.7494788782590979,0.04091330867605087,29,-0.4418944177300575,-0.4637920910635103,-0.46279898641435374,-0.4565423962105736,-0.45405594344930356,-0.45581676697355966,0.00787167108548596,0.7494788782590979
0.8929089069366455,0.02665796547693014,0.01739058494567871,0.0008102736364641835,16,0.8,4,5,200,"{'max_depth': 16, 'max_features': 0.8, 'min_samples_leaf': 4, 'min_samples_split': 5, 'n_estimators': 200}",-0.8207079140594244,-0.7119362440743372,-0.7142575081589555,-0.7240905683855674,-0.7734376986273067,-0.7488859866611183,0.0422857034557589,20,-0.44038781481432315,-0.46065192147897926,-0.4608114768584961,-0.45549650968881905,-0.45206827024733903,-0.45388319861759135,0.007507846164605078,0.7488859866611183
1.3581838130950927,0.06249680657072306,0.02642068862915039,0.0029809846790303835,16,0.8,4,5,300,"{'max_depth': 16, 'max_features': 0.8, 'min_samples_leaf': 4, 'min_samples_split': 5, 'n_estimators': 300}",-0.8206886624063451,-0.7111513083737486,-0.7141196158894136,-0.7245022024840535,-0.7760763119494714,-0.7493076202206066,0.04271118020389697,26,-0.43936762239924,-0.4602917261811424,-0.46008930762298894,-0.4559564265372291,-0.4512709731398849,-0.45339521117609705,0.007748784481559695,0.7493076202206066
