worst_rank,target_task_id,target_sn,neighbor_rank,neighbor_task_id,neighbor_sn,feature,target_value,neighbor_value,absolute_raw_difference,absolute_z_difference,target_actual_duration_min,neighbor_actual_duration_min,absolute_label_diff_min,feature_rms_z_distance
1,8098730973987073,TLE00900CR1450050,1,8096532285587713,TLE00860HR1450010,similar_top3_duration_mean_sec,1502.6580000000001,1393.674,108.98400000000015,0.606988049070315,40.03333333333333,21.87965,18.15368333333333,0.31510769103221503
1,8098730973987073,TLE00900CR1450050,1,8096532285587713,TLE00860HR1450010,vehicle_prev1_duration_sec,1102.997,1209.901,106.904,0.5501274972117702,40.03333333333333,21.87965,18.15368333333333,0.31510769103221503
1,8098730973987073,TLE00900CR1450050,1,8096532285587713,TLE00860HR1450010,fleet_prev60m_speed_mean,3.427175236715625,3.336322519092452,0.09085271762317282,0.4042469937309099,40.03333333333333,21.87965,18.15368333333333,0.31510769103221503
1,8098730973987073,TLE00900CR1450050,1,8096532285587713,TLE00860HR1450010,straight_line_distance_m,2571.476654306536,2720.386329392454,148.90967508591802,0.39563031932528925,40.03333333333333,21.87965,18.15368333333333,0.31510769103221503
1,8098730973987073,TLE00900CR1450050,1,8096532285587713,TLE00860HR1450010,similar_task_duration_min,24.733366666666665,23.4502,1.2831666666666663,0.390902979790132,40.03333333333333,21.87965,18.15368333333333,0.31510769103221503
1,8098730973987073,TLE00900CR1450050,2,8095564051824897,TLE00860VR1450018,fleet_prev60m_speed_mean,3.427175236715625,3.2539520690710586,0.17322316764456636,0.7707523406762778,40.03333333333333,26.883483333333334,13.149849999999997,0.31915543044874023
1,8098730973987073,TLE00900CR1450050,2,8095564051824897,TLE00860VR1450018,planned_slope_mean,0.04285665306868788,0.040452927927927936,0.0024037251407599478,0.5046527840536664,40.03333333333333,26.883483333333334,13.149849999999997,0.31915543044874023
1,8098730973987073,TLE00900CR1450050,2,8095564051824897,TLE00860VR1450018,similar_top3_od_distance_mean_m,100.02441972403756,126.09528284793093,26.070863123893375,0.41847353934426124,40.03333333333333,26.883483333333334,13.149849999999997,0.31915543044874023
1,8098730973987073,TLE00900CR1450050,2,8095564051824897,TLE00860VR1450018,planned_total_distance_m,4449.468261542945,4648.264760546368,198.79649900342338,0.4005834077349122,40.03333333333333,26.883483333333334,13.149849999999997,0.31915543044874023
1,8098730973987073,TLE00900CR1450050,2,8095564051824897,TLE00860VR1450018,similar_task_actual_distance_km,4.25,4.5,0.25,0.37670739547367404,40.03333333333333,26.883483333333334,13.149849999999997,0.31915543044874023
1,8098730973987073,TLE00900CR1450050,3,8096139049353473,TLE00860HR1450010,similar_task_duration_min,24.733366666666665,26.883483333333334,2.150116666666669,0.6550100105700172,40.03333333333333,22.65005,17.38328333333333,0.3295678020222791
1,8098730973987073,TLE00900CR1450050,3,8096139049353473,TLE00860HR1450010,fleet_prev60m_speed_mean,3.427175236715625,3.3104685398416924,0.11670669687393254,0.5192836559411684,40.03333333333333,22.65005,17.38328333333333,0.3295678020222791
1,8098730973987073,TLE00900CR1450050,3,8096139049353473,TLE00860HR1450010,planned_slope_mean,0.04285665306868788,0.040405630630630615,0.002451022438057268,0.5145826684462558,40.03333333333333,22.65005,17.38328333333333,0.3295678020222791
1,8098730973987073,TLE00900CR1450050,3,8096139049353473,TLE00860HR1450010,planned_total_distance_m,4449.468261542945,4695.614475906305,246.14621436336074,0.4959950997377738,40.03333333333333,22.65005,17.38328333333333,0.3295678020222791
1,8098730973987073,TLE00900CR1450050,3,8096139049353473,TLE00860HR1450010,similar_top3_od_distance_mean_m,100.02441972403756,72.7716492680241,27.25277045601345,0.43744479250526347,40.03333333333333,22.65005,17.38328333333333,0.3295678020222791
1,8098730973987073,TLE00900CR1450050,4,8096688221323521,TLE00860VR1450004,similar_top3_duration_mean_sec,1502.6580000000001,1381.0100000000002,121.64799999999991,0.6775203900875864,40.03333333333333,24.8333,15.20003333333333,0.33261990559360494
1,8098730973987073,TLE00900CR1450050,4,8096688221323521,TLE00860VR1450004,similar_task_duration_min,24.733366666666665,22.833433333333335,1.8999333333333297,0.5787943380199483,40.03333333333333,24.8333,15.20003333333333,0.33261990559360494
1,8098730973987073,TLE00900CR1450050,4,8096688221323521,TLE00860VR1450004,similar_top3_od_distance_mean_m,100.02441972403756,73.98442381969183,26.03999590434573,0.417978077627001,40.03333333333333,24.8333,15.20003333333333,0.33261990559360494
1,8098730973987073,TLE00900CR1450050,4,8096688221323521,TLE00860VR1450004,planned_slope_mean,0.04285665306868788,0.04095547945205479,0.0019011736166330909,0.3991440378661341,40.03333333333333,24.8333,15.20003333333333,0.33261990559360494
1,8098730973987073,TLE00900CR1450050,4,8096688221323521,TLE00860VR1450004,similar_task_actual_distance_km,4.25,4.5,0.25,0.37670739547367404,40.03333333333333,24.8333,15.20003333333333,0.33261990559360494
1,8098730973987073,TLE00900CR1450050,5,8097526999122177,TLE00860VR1450004,vehicle_prev1_duration_sec,1102.997,946.01,156.98700000000008,0.8078543871584246,40.03333333333333,24.983416666666667,15.049916666666665,0.33338481523390073
1,8098730973987073,TLE00900CR1450050,5,8097526999122177,TLE00860VR1450004,similar_top3_od_distance_mean_m,100.02441972403756,135.6096822174127,35.585262493375154,0.5711928551552083,40.03333333333333,24.983416666666667,15.049916666666665,0.33338481523390073
1,8098730973987073,TLE00900CR1450050,5,8097526999122177,TLE00860VR1450004,similar_task_actual_distance_km,4.25,4.625,0.375,0.565061093210511,40.03333333333333,24.983416666666667,15.049916666666665,0.33338481523390073
1,8098730973987073,TLE00900CR1450050,5,8097526999122177,TLE00860VR1450004,similar_top3_duration_mean_sec,1502.6580000000001,1436.0076666666666,66.65033333333349,0.37121004734535545,40.03333333333333,24.983416666666667,15.049916666666665,0.33338481523390073
1,8098730973987073,TLE00900CR1450050,5,8097526999122177,TLE00860VR1450004,straight_line_distance_m,2571.476654306536,2672.9914555723917,101.51480126585557,0.2697093605091867,40.03333333333333,24.983416666666667,15.049916666666665,0.33338481523390073
2,8103349430518017,TLE00860HR1450010,1,8095668778139905,TLE00900CR1450050,fleet_prev60m_speed_mean,3.6864936082438913,3.4959052138148943,0.190588394428997,0.848018501851308,32.73135,21.030133333333332,11.701216666666667,0.27658457762427385
2,8103349430518017,TLE00860HR1450010,1,8095668778139905,TLE00900CR1450050,similar_top3_duration_mean_sec,1009.6573333333334,1079.2666666666667,69.60933333333321,0.38769024294469934,32.73135,21.030133333333332,11.701216666666667,0.27658457762427385
2,8103349430518017,TLE00860HR1450010,1,8095668778139905,TLE00900CR1450050,similar_task_actual_distance_km,3.25,3.5,0.25,0.37670739547367393,32.73135,21.030133333333332,11.701216666666667,0.27658457762427385
2,8103349430518017,TLE00860HR1450010,1,8095668778139905,TLE00900CR1450050,similar_task_duration_min,16.65005,17.416616666666666,0.766566666666666,0.23352632358056002,32.73135,21.030133333333332,11.701216666666667,0.27658457762427385
2,8103349430518017,TLE00860HR1450010,1,8095668778139905,TLE00900CR1450050,planned_slope_mean,0.03589270973248537,0.03487146062369598,0.001021249108789396,0.21440729525338165,32.73135,21.030133333333332,11.701216666666667,0.27658457762427385
2,8103349430518017,TLE00860HR1450010,2,8094051318628609,TLE00900VR1450048,similar_top3_duration_mean_sec,1009.6573333333334,1148.0306666666668,138.37333333333333,0.7706723890053244,32.73135,17.947233333333333,14.784116666666666,0.2770474346349576
2,8103349430518017,TLE00860HR1450010,2,8094051318628609,TLE00900VR1450048,similar_task_actual_distance_km,3.25,3.5,0.25,0.37670739547367393,32.73135,17.947233333333333,14.784116666666666,0.2770474346349576
2,8103349430518017,TLE00860HR1450010,2,8094051318628609,TLE00900VR1450048,similar_task_energy_soc_delta_pct,12.799999999999997,13.600000000000001,0.8000000000000043,0.32949835926032495,32.73135,17.947233333333333,14.784116666666666,0.2770474346349576
2,8103349430518017,TLE00860HR1450010,2,8094051318628609,TLE00900VR1450048,fleet_prev60m_speed_mean,3.6864936082438913,3.6222617246503637,0.0642318835935276,0.28579822952631795,32.73135,17.947233333333333,14.784116666666666,0.2770474346349576
2,8103349430518017,TLE00860HR1450010,2,8094051318628609,TLE00900VR1450048,vehicle_prev1_duration_sec,1005.987,1060.876,54.88900000000001,0.28245854406249415,32.73135,17.947233333333333,14.784116666666666,0.2770474346349576
2,8103349430518017,TLE00860HR1450010,3,8086270556848385,TLE00860HR1450010,straight_line_distance_m,2907.9503463405995,2626.2410905993347,281.70925574126477,0.7484585722284336,32.73135,17.1322,15.599149999999998,0.28669187971922644
2,8103349430518017,TLE00860HR1450010,3,8086270556848385,TLE00860HR1450010,vehicle_prev1_duration_sec,1005.987,1113.977,107.99000000000012,0.5557160482666612,32.73135,17.1322,15.599149999999998,0.28669187971922644
2,8103349430518017,TLE00860HR1450010,3,8086270556848385,TLE00860HR1450010,fleet_prev60m_speed_mean,3.6864936082438913,3.5911286102821105,0.09536499796178077,0.42432427715702636,32.73135,17.1322,15.599149999999998,0.28669187971922644
2,8103349430518017,TLE00860HR1450010,3,8086270556848385,TLE00860HR1450010,planned_total_distance_m,3538.9842375782314,3414.132449255253,124.85178832297834,0.2515816680823705,32.73135,17.1322,15.599149999999998,0.28669187971922644
2,8103349430518017,TLE00860HR1450010,3,8086270556848385,TLE00860HR1450010,planned_cumulative_descent_m,2.19399999999996,1.5299999999999727,0.6639999999999873,0.17566858717662046,32.73135,17.1322,15.599149999999998,0.28669187971922644
2,8103349430518017,TLE00860HR1450010,4,8086230996795649,TLE00860VR1450018,straight_line_distance_m,2907.9503463405995,2689.725598288201,218.22474805239835,0.5797899075854994,32.73135,16.216416666666667,16.51493333333333,0.30810841649142867
2,8103349430518017,TLE00860HR1450010,4,8086230996795649,TLE00860VR1450018,planned_total_distance_m,3538.9842375782314,3280.639382026188,258.34485555204355,0.5205758809969742,32.73135,16.216416666666667,16.51493333333333,0.30810841649142867
2,8103349430518017,TLE00860HR1450010,4,8086230996795649,TLE00860VR1450018,similar_top3_duration_mean_sec,1009.6573333333334,918.6493333333333,91.00800000000015,0.5068704430906488,32.73135,16.216416666666667,16.51493333333333,0.30810841649142867
2,8103349430518017,TLE00860HR1450010,4,8086230996795649,TLE00860VR1450018,similar_task_duration_min,16.65005,15.132883333333332,1.517166666666668,0.46218857319516515,32.73135,16.216416666666667,16.51493333333333,0.30810841649142867
2,8103349430518017,TLE00860HR1450010,4,8086230996795649,TLE00860VR1450018,similar_task_energy_soc_delta_pct,12.799999999999997,13.600000000000001,0.8000000000000043,0.32949835926032495,32.73135,16.216416666666667,16.51493333333333,0.30810841649142867
2,8103349430518017,TLE00860HR1450010,5,8094058552606977,TLE00860HR1450010,vehicle_prev1_duration_sec,1005.987,1195.968,189.9810000000001,0.9776413609199786,32.73135,16.28405,16.4473,0.30813929784488564
2,8103349430518017,TLE00860HR1450010,5,8094058552606977,TLE00860HR1450010,fleet_prev60m_speed_mean,3.6864936082438913,3.569593309020954,0.11690029922293732,0.5201450849618064,32.73135,16.28405,16.4473,0.30813929784488564
2,8103349430518017,TLE00860HR1450010,5,8094058552606977,TLE00860HR1450010,planned_total_distance_m,3538.9842375782314,3423.753078573049,115.23115900518223,0.23219569048217747,32.73135,16.28405,16.4473,0.30813929784488564
2,8103349430518017,TLE00860HR1450010,5,8094058552606977,TLE00860HR1450010,straight_line_distance_m,2907.9503463405995,2832.278750523713,75.67159581688657,0.20104790101526593,32.73135,16.28405,16.4473,0.30813929784488564
2,8103349430518017,TLE00860HR1450010,5,8094058552606977,TLE00860HR1450010,similar_task_duration_min,16.65005,16.033616666666667,0.6164333333333332,0.18778981180046528,32.73135,16.28405,16.4473,0.30813929784488564
3,8100161986642177,TLE00900JR1450046,1,8095457757053185,TLE00900JR1450046,similar_task_energy_soc_delta_pct,13.200000000000003,14.8,1.5999999999999979,0.6589967185206456,32.20001666666666,25.84995,6.350066666666663,0.23495004713316833
3,8100161986642177,TLE00900JR1450046,1,8095457757053185,TLE00900JR1450046,similar_top3_duration_mean_sec,1137.6563333333334,1209.9926666666668,72.33633333333341,0.4028783110080378,32.20001666666666,25.84995,6.350066666666663,0.23495004713316833
3,8100161986642177,TLE00900JR1450046,1,8095457757053185,TLE00900JR1450046,similar_task_duration_min,19.366633333333333,20.333016666666666,0.9663833333333329,0.29439833065555554,32.20001666666666,25.84995,6.350066666666663,0.23495004713316833
3,8100161986642177,TLE00900JR1450046,1,8095457757053185,TLE00900JR1450046,similar_top3_od_distance_mean_m,39.972609100704666,55.65309732318553,15.68048822248086,0.2516936003969028,32.20001666666666,25.84995,6.350066666666663,0.23495004713316833
3,8100161986642177,TLE00900JR1450046,1,8095457757053185,TLE00900JR1450046,straight_line_distance_m,2469.689340354067,2404.592674423573,65.09666593049405,0.17295192346792349,32.20001666666666,25.84995,6.350066666666663,0.23495004713316833
3,8100161986642177,TLE00900JR1450046,2,8095452449341697,TLE00900AR1450049,fleet_prev60m_speed_mean,3.408176570871951,3.3116161404162443,0.09656043045570684,0.4296433254422104,32.20001666666666,21.199933333333334,11.000083333333329,0.23858307274998308
3,8100161986642177,TLE00900JR1450046,2,8095452449341697,TLE00900AR1450049,similar_top3_duration_mean_sec,1137.6563333333334,1209.9926666666668,72.33633333333341,0.4028783110080378,32.20001666666666,21.199933333333334,11.000083333333329,0.23858307274998308
3,8100161986642177,TLE00900JR1450046,2,8095452449341697,TLE00900AR1450049,similar_task_actual_distance_km,3.75,3.5,0.25,0.376707395473674,32.20001666666666,21.199933333333334,11.000083333333329,0.23858307274998308
3,8100161986642177,TLE00900JR1450046,2,8095452449341697,TLE00900AR1450049,similar_task_energy_soc_delta_pct,13.200000000000003,14.0,0.7999999999999972,0.3294983592603221,32.20001666666666,21.199933333333334,11.000083333333329,0.23858307274998308
3,8100161986642177,TLE00900JR1450046,2,8095452449341697,TLE00900AR1450049,similar_top3_od_distance_mean_m,39.972609100704666,58.24579618528275,18.273187084578083,0.2933100157844435,32.20001666666666,21.199933333333334,11.000083333333329,0.23858307274998308
3,8100161986642177,TLE00900JR1450046,3,8092449466630401,TLE00860CR1450020,planned_cumulative_ascent_m,144.09400000000005,136.27700000000016,7.816999999999894,0.4190307117502271,32.20001666666666,20.9163,11.283716666666663,0.2574472721213967
3,8100161986642177,TLE00900JR1450046,3,8092449466630401,TLE00860CR1450020,planned_total_distance_m,3821.760256431331,3622.4131280270663,199.34712840426482,0.40169294941644984,32.20001666666666,20.9163,11.283716666666663,0.2574472721213967
3,8100161986642177,TLE00900JR1450046,3,8092449466630401,TLE00860CR1450020,endpoint_altitude_change_m,150.14640000000009,141.20899999999995,8.937400000000139,0.38355307011790246,32.20001666666666,20.9163,11.283716666666663,0.2574472721213967
3,8100161986642177,TLE00900JR1450046,3,8092449466630401,TLE00860CR1450020,similar_task_actual_distance_km,3.75,4.0,0.25,0.37670739547367393,32.20001666666666,20.9163,11.283716666666663,0.2574472721213967
3,8100161986642177,TLE00900JR1450046,3,8092449466630401,TLE00860CR1450020,straight_line_distance_m,2469.689340354067,2336.8781265490693,132.8112138049978,0.35285916040937965,32.20001666666666,20.9163,11.283716666666663,0.2574472721213967
3,8100161986642177,TLE00900JR1450046,4,8070761662923009,TLE00900CR1450050,similar_task_duration_min,19.366633333333333,17.749666666666666,1.6169666666666664,0.49259157414312293,32.20001666666666,19.08285,13.117166666666662,0.26048551175673673
3,8100161986642177,TLE00900JR1450046,4,8070761662923009,TLE00900CR1450050,straight_line_distance_m,2469.689340354067,2299.9095469827157,169.7797933713514,0.4510790439085544,32.20001666666666,19.08285,13.117166666666662,0.26048551175673673
3,8100161986642177,TLE00900JR1450046,4,8070761662923009,TLE00900CR1450050,vehicle_prev1_duration_sec,1145.011,1062.03,82.981,0.42701984814534444,32.20001666666666,19.08285,13.117166666666662,0.26048551175673673
3,8100161986642177,TLE00900JR1450046,4,8070761662923009,TLE00900CR1450050,similar_task_actual_distance_km,3.75,3.5,0.25,0.376707395473674,32.20001666666666,19.08285,13.117166666666662,0.26048551175673673
3,8100161986642177,TLE00900JR1450046,4,8070761662923009,TLE00900CR1450050,similar_task_energy_soc_delta_pct,13.200000000000003,14.0,0.7999999999999972,0.3294983592603221,32.20001666666666,19.08285,13.117166666666662,0.26048551175673673
3,8100161986642177,TLE00900JR1450046,5,8093608846704897,TLE00900AR1450052,fleet_prev60m_speed_mean,3.408176570871951,3.2732922180177835,0.13488435285416767,0.6001647013884046,32.20001666666666,18.730916666666666,13.469099999999997,0.2669692611600685
3,8100161986642177,TLE00900JR1450046,5,8093608846704897,TLE00900AR1450052,planned_total_distance_m,3821.760256431331,3629.500182382464,192.26007404886695,0.3874122332130979,32.20001666666666,18.730916666666666,13.469099999999997,0.2669692611600685
3,8100161986642177,TLE00900JR1450046,5,8093608846704897,TLE00900AR1450052,similar_task_actual_distance_km,3.75,4.0,0.25,0.37670739547367393,32.20001666666666,18.730916666666666,13.469099999999997,0.2669692611600685
3,8100161986642177,TLE00900JR1450046,5,8093608846704897,TLE00900AR1450052,similar_task_energy_soc_delta_pct,13.200000000000003,14.0,0.7999999999999972,0.3294983592603221,32.20001666666666,18.730916666666666,13.469099999999997,0.2669692611600685
3,8100161986642177,TLE00900JR1450046,5,8093608846704897,TLE00900AR1450052,planned_cumulative_ascent_m,144.09400000000005,138.77100000000019,5.322999999999865,0.28533970559631994,32.20001666666666,18.730916666666666,13.469099999999997,0.2669692611600685
4,8101229803258113,TLE00900AR1450052,1,8091322018169089,TLE00900AR1450052,straight_line_distance_m,2844.679929217311,2317.3080217770707,527.3719074402402,1.4011468094560369,34.26691666666667,23.66691666666667,10.599999999999998,0.5416503824494149
4,8101229803258113,TLE00900AR1450052,1,8091322018169089,TLE00900AR1450052,planned_slope_mean,0.045546437686236424,0.040707673267326716,0.004838764418909708,1.0158798499776018,34.26691666666667,23.66691666666667,10.599999999999998,0.5416503824494149
4,8101229803258113,TLE00900AR1450052,1,8091322018169089,TLE00900AR1450052,planned_cumulative_ascent_m,176.8589999999997,164.94999999999993,11.908999999999764,0.6383825951430759,34.26691666666667,23.66691666666667,10.599999999999998,0.5416503824494149
4,8101229803258113,TLE00900AR1450052,1,8091322018169089,TLE00900AR1450052,fleet_prev60m_speed_mean,3.0210305440710457,3.131377242210073,0.11034669813902731,0.4909849937109254,34.26691666666667,23.66691666666667,10.599999999999998,0.5416503824494149
4,8101229803258113,TLE00900AR1450052,1,8091322018169089,TLE00900AR1450052,similar_task_duration_min,22.7164,24.316866666666666,1.6004666666666658,0.4875650258902038,34.26691666666667,23.66691666666667,10.599999999999998,0.5416503824494149
4,8101229803258113,TLE00900AR1450052,2,8098279219396865,TLE00860VR1450018,similar_task_duration_min,22.7164,26.050016666666668,3.333616666666668,1.0155506079839314,34.26691666666667,22.850016666666665,11.416900000000002,0.5470670206529912
4,8101229803258113,TLE00900AR1450052,2,8098279219396865,TLE00860VR1450018,planned_slope_mean,0.045546437686236424,0.04107799451963542,0.004468443166601006,0.9381323372512747,34.26691666666667,22.850016666666665,11.416900000000002,0.5470670206529912
4,8101229803258113,TLE00900AR1450052,2,8098279219396865,TLE00860VR1450018,vehicle_prev1_duration_sec,1016.004,1188.8,172.79599999999994,0.8892074291720142,34.26691666666667,22.850016666666665,11.416900000000002,0.5470670206529912
4,8101229803258113,TLE00900AR1450052,2,8098279219396865,TLE00860VR1450018,planned_total_distance_m,4274.707549237683,4652.275236169459,377.5676869317758,0.7608149612288424,34.26691666666667,22.850016666666665,11.416900000000002,0.5470670206529912
4,8101229803258113,TLE00900AR1450052,2,8098279219396865,TLE00860VR1450018,fleet_prev60m_speed_mean,3.0210305440710457,3.1843119427460804,0.16328139867503477,0.726516677468386,34.26691666666667,22.850016666666665,11.416900000000002,0.5470670206529912
4,8101229803258113,TLE00900AR1450052,3,8069143529931009,TLE00900VR1450048,straight_line_distance_m,2844.679929217311,2304.322563205683,540.3573660116281,1.435647194459357,34.26691666666667,23.31645,10.950466666666667,0.5517314931428176
4,8101229803258113,TLE00900AR1450052,3,8069143529931009,TLE00900VR1450048,planned_slope_mean,0.045546437686236424,0.04212208121827411,0.003424356467962311,0.7189303784554213,34.26691666666667,23.31645,10.950466666666667,0.5517314931428176
4,8101229803258113,TLE00900AR1450052,3,8069143529931009,TLE00900VR1450048,endpoint_altitude_change_m,189.35169999999994,174.08770000000004,15.263999999999896,0.6550623293440523,34.26691666666667,23.31645,10.950466666666667,0.5517314931428176
4,8101229803258113,TLE00900AR1450052,3,8069143529931009,TLE00900VR1450048,planned_total_distance_m,4274.707549237683,3978.826785365346,295.8807638723374,0.5962123340670535,34.26691666666667,23.31645,10.950466666666667,0.5517314931428176
4,8101229803258113,TLE00900AR1450052,3,8069143529931009,TLE00900VR1450048,planned_cumulative_ascent_m,176.8589999999997,166.32199999999978,10.53699999999992,0.5648364602420586,34.26691666666667,23.31645,10.950466666666667,0.5517314931428176
4,8101229803258113,TLE00900AR1450052,4,8069478923600129,TLE00900CR1450050,straight_line_distance_m,2844.679929217311,2285.5421789296242,559.1377502876867,1.485543814164569,34.26691666666667,22.300416666666667,11.9665,0.55883037747799
4,8101229803258113,TLE00900AR1450052,4,8069478923600129,TLE00900CR1450050,planned_slope_mean,0.045546437686236424,0.041773096446700485,0.003773341239535939,0.7921983796842491,34.26691666666667,22.300416666666667,11.9665,0.55883037747799
4,8101229803258113,TLE00900AR1450052,4,8069478923600129,TLE00900CR1450050,fleet_prev60m_speed_mean,3.0210305440710457,3.1966623507411014,0.17563180667005573,0.7814695224019315,34.26691666666667,22.300416666666667,11.9665,0.55883037747799
4,8101229803258113,TLE00900AR1450052,4,8069478923600129,TLE00900CR1450050,endpoint_altitude_change_m,189.35169999999994,174.11710000000005,15.234599999999887,0.6538006133795133,34.26691666666667,22.300416666666667,11.9665,0.55883037747799
4,8101229803258113,TLE00900AR1450052,4,8069478923600129,TLE00900CR1450050,planned_cumulative_ascent_m,176.8589999999997,164.88699999999994,11.971999999999753,0.6417597135824082,34.26691666666667,22.300416666666667,11.9665,0.55883037747799
4,8101229803258113,TLE00900AR1450052,5,8086703351628033,TLE00900CR1450050,fleet_prev60m_speed_mean,3.0210305440710457,3.3712824019009866,0.35025185782994095,1.55843726286407,34.26691666666667,21.749383333333334,12.517533333333333,0.5679884853514661
4,8101229803258113,TLE00900AR1450052,5,8086703351628033,TLE00900CR1450050,similar_top3_duration_mean_sec,1393.001,1221.327,171.67399999999998,0.9561409595545871,34.26691666666667,21.749383333333334,12.517533333333333,0.5679884853514661
4,8101229803258113,TLE00900AR1450052,5,8086703351628033,TLE00900CR1450050,vehicle_prev1_duration_sec,1016.004,1154.995,138.99099999999987,0.7152470531033552,34.26691666666667,21.749383333333334,12.517533333333333,0.5679884853514661
4,8101229803258113,TLE00900AR1450052,5,8086703351628033,TLE00900CR1450050,similar_task_duration_min,22.7164,20.564266666666665,2.1521333333333352,0.6556243664675961,34.26691666666667,21.749383333333334,12.517533333333333,0.5679884853514661
4,8101229803258113,TLE00900AR1450052,5,8086703351628033,TLE00900CR1450050,planned_slope_mean,0.045546437686236424,0.04322745098039218,0.002318986705844246,0.4868622778217271,34.26691666666667,21.749383333333334,12.517533333333333,0.5679884853514661
5,8100164573364481,TLE00860VR1450004,1,8095444201111809,TLE00860ER1450011,similar_task_energy_soc_delta_pct,11.200000000000003,12.799999999999997,1.5999999999999943,0.6589967185206442,29.883316666666666,17.56611666666667,12.317199999999996,0.38143353383852585
5,8100164573364481,TLE00860VR1450004,1,8095444201111809,TLE00860ER1450011,planned_cumulative_ascent_m,119.88600000000008,132.1099999999999,12.223999999999819,0.655268187339743,29.883316666666666,17.56611666666667,12.317199999999996,0.38143353383852585
5,8100164573364481,TLE00860VR1450004,1,8095444201111809,TLE00860ER1450011,endpoint_altitude_change_m,114.23129999999992,128.47809999999993,14.246800000000007,0.6114086735913857,29.883316666666666,17.56611666666667,12.317199999999996,0.38143353383852585
5,8100164573364481,TLE00860VR1450004,1,8095444201111809,TLE00860ER1450011,planned_cumulative_descent_m,2.254000000000133,4.350999999999999,2.0969999999998663,0.5547846796827661,29.883316666666666,17.56611666666667,12.317199999999996,0.38143353383852585
5,8100164573364481,TLE00860VR1450004,1,8095444201111809,TLE00860ER1450011,planned_slope_std,0.03405443268563838,0.03658886546216418,0.002534432776525798,0.46243363330785503,29.883316666666666,17.56611666666667,12.317199999999996,0.38143353383852585
5,8100164573364481,TLE00860VR1450004,2,8094145749238017,TLE00900VR1450048,vehicle_prev1_duration_sec,1465.003,1255.94,209.06299999999987,1.0758372460299357,29.883316666666666,18.068883333333336,11.81443333333333,0.3950044668559779
5,8100164573364481,TLE00860VR1450004,2,8094145749238017,TLE00900VR1450048,endpoint_altitude_change_m,114.23129999999992,128.31849999999997,14.087200000000053,0.6045593583553217,29.883316666666666,18.068883333333336,11.81443333333333,0.3950044668559779
5,8100164573364481,TLE00860VR1450004,2,8094145749238017,TLE00900VR1450048,straight_line_distance_m,3002.6730690550676,2797.6528808944804,205.02018816058717,0.5447074037553556,29.883316666666666,18.068883333333336,11.81443333333333,0.3950044668559779
5,8100164573364481,TLE00860VR1450004,2,8094145749238017,TLE00900VR1450048,similar_task_energy_soc_delta_pct,11.200000000000003,12.400000000000006,1.2000000000000028,0.4942475388904861,29.883316666666666,18.068883333333336,11.81443333333333,0.3950044668559779
5,8100164573364481,TLE00860VR1450004,2,8094145749238017,TLE00900VR1450048,similar_task_duration_min,20.4,19.01578333333333,1.384216666666667,0.42168677984816016,29.883316666666666,18.068883333333336,11.81443333333333,0.3950044668559779
5,8100164573364481,TLE00860VR1450004,3,8095206572867841,TLE00860HR1450010,similar_task_energy_soc_delta_pct,11.200000000000003,13.200000000000003,2.0,0.8237458981508081,29.883316666666666,18.633233333333333,11.250083333333333,0.43629227428105055
5,8100164573364481,TLE00860VR1450004,3,8095206572867841,TLE00860HR1450010,planned_cumulative_ascent_m,119.88600000000008,132.30100000000004,12.414999999999964,0.6655067527669344,29.883316666666666,18.633233333333333,11.250083333333333,0.43629227428105055
5,8100164573364481,TLE00860VR1450004,3,8095206572867841,TLE00860HR1450010,endpoint_altitude_change_m,114.23129999999992,128.37069999999994,14.139400000000023,0.6067995479250111,29.883316666666666,18.633233333333333,11.250083333333333,0.43629227428105055
5,8100164573364481,TLE00860VR1450004,3,8095206572867841,TLE00860HR1450010,straight_line_distance_m,3002.6730690550676,2793.56979129355,209.10327776151735,0.5555555507392083,29.883316666666666,18.633233333333333,11.250083333333333,0.43629227428105055
5,8100164573364481,TLE00860VR1450004,3,8095206572867841,TLE00860HR1450010,vehicle_prev1_duration_sec,1465.003,1370.004,94.99900000000002,0.48886442142128417,29.883316666666666,18.633233333333333,11.250083333333333,0.43629227428105055
5,8100164573364481,TLE00860VR1450004,4,8098306438545665,TLE00860ER1450011,fleet_prev60m_speed_mean,3.4185290523551783,3.1336973170749842,0.2848317352801941,1.2673519925265142,29.883316666666666,20.466833333333334,9.416483333333332,0.44639261635557775
5,8100164573364481,TLE00860VR1450004,4,8098306438545665,TLE00860ER1450011,vehicle_prev1_duration_sec,1465.003,1338.999,126.0039999999999,0.648416010239765,29.883316666666666,20.466833333333334,9.416483333333332,0.44639261635557775
5,8100164573364481,TLE00860VR1450004,4,8098306438545665,TLE00860ER1450011,similar_task_duration_min,20.4,22.46676666666667,2.0667666666666697,0.6296183259105753,29.883316666666666,20.466833333333334,9.416483333333332,0.44639261635557775
5,8100164573364481,TLE00860VR1450004,4,8098306438545665,TLE00860ER1450011,similar_top3_duration_mean_sec,1098.668,1207.3343333333332,108.66633333333334,0.6052187997286249,29.883316666666666,20.466833333333334,9.416483333333332,0.44639261635557775
5,8100164573364481,TLE00860VR1450004,4,8098306438545665,TLE00860ER1450011,similar_task_energy_soc_delta_pct,11.200000000000003,12.0,0.7999999999999972,0.3294983592603222,29.883316666666666,20.466833333333334,9.416483333333332,0.44639261635557775
5,8100164573364481,TLE00860VR1450004,5,8070750212129025,TLE00860VR1450018,similar_task_duration_min,20.4,16.7827,3.6173,1.1019716966838642,29.883316666666666,16.58275,13.300566666666665,0.5011426231489471
5,8100164573364481,TLE00860VR1450004,5,8070750212129025,TLE00860VR1450018,straight_line_distance_m,3002.6730690550676,2648.7635239062583,353.90954514880923,0.9402837409906639,29.883316666666666,16.58275,13.300566666666665,0.5011426231489471
5,8100164573364481,TLE00860VR1450004,5,8070750212129025,TLE00860VR1450018,similar_task_actual_distance_km,3.5,3.0,0.5,0.7534147909473481,29.883316666666666,16.58275,13.300566666666665,0.5011426231489471
5,8100164573364481,TLE00860VR1450004,5,8070750212129025,TLE00860VR1450018,vehicle_prev1_duration_sec,1465.003,1319.969,145.03399999999988,0.7463443035865057,29.883316666666666,16.58275,13.300566666666665,0.5011426231489471
5,8100164573364481,TLE00860VR1450004,5,8070750212129025,TLE00860VR1450018,similar_top3_duration_mean_sec,1098.668,1026.6653333333334,72.00266666666653,0.40101994942248453,29.883316666666666,16.58275,13.300566666666665,0.5011426231489471
6,8100174378713345,TLE00860VR1450018,1,8093580248957185,TLE00900AR1450049,similar_task_duration_min,15.4669,17.247283333333332,1.7803833333333312,0.5423747111328905,24.766783333333333,17.368499999999997,7.398283333333335,0.2370113987795625
6,8100174378713345,TLE00860VR1450018,1,8093580248957185,TLE00900AR1450049,fleet_prev60m_speed_mean,3.241219539459726,3.3424850924864766,0.10126555302675078,0.450578655768475,24.766783333333333,17.368499999999997,7.398283333333335,0.2370113987795625
6,8100174378713345,TLE00860VR1450018,1,8093580248957185,TLE00900AR1450049,planned_slope_mean,0.04079968944099378,0.03891310797767425,0.0018865814633195338,0.39608047179106437,24.766783333333333,17.368499999999997,7.398283333333335,0.2370113987795625
6,8100174378713345,TLE00860VR1450018,1,8093580248957185,TLE00900AR1450049,planned_total_distance_m,3405.4938579662066,3507.6296772489186,102.13581928271196,0.20580802350730198,24.766783333333333,17.368499999999997,7.398283333333335,0.2370113987795625
6,8100174378713345,TLE00860VR1450018,1,8093580248957185,TLE00900AR1450049,similar_top3_od_distance_mean_m,46.9812939401595,57.84943397295922,10.868140032799715,0.17444873244133535,24.766783333333333,17.368499999999997,7.398283333333335,0.2370113987795625
6,8100174378713345,TLE00860VR1450018,2,8097402674397441,TLE00860ER1450011,planned_slope_mean,0.04079968944099378,0.03582579633748329,0.004973893103510492,1.0442495939774237,24.766783333333333,15.0168,9.749983333333333,0.3552205725016557
6,8100174378713345,TLE00860VR1450018,2,8097402674397441,TLE00860ER1450011,planned_cumulative_ascent_m,131.85500000000002,121.68000000000018,10.17499999999984,0.5454314304795385,24.766783333333333,15.0168,9.749983333333333,0.3552205725016557
6,8100174378713345,TLE00860VR1450018,2,8097402674397441,TLE00860ER1450011,planned_cumulative_descent_m,0.6860000000000355,1.9370000000001255,1.25100000000009,0.3309659677077895,24.766783333333333,15.0168,9.749983333333333,0.3552205725016557
6,8100174378713345,TLE00860VR1450018,2,8097402674397441,TLE00860ER1450011,fleet_prev60m_speed_mean,3.241219539459726,3.3090616243934856,0.06784208493375976,0.301861734028245,24.766783333333333,15.0168,9.749983333333333,0.3552205725016557
6,8100174378713345,TLE00860VR1450018,2,8097402674397441,TLE00860ER1450011,vehicle_prev1_duration_sec,1007.011,951.949,55.06200000000001,0.28334880127473716,24.766783333333333,15.0168,9.749983333333333,0.3552205725016557
6,8100174378713345,TLE00860VR1450018,3,8070755387162881,TLE00900AR1450052,planned_slope_mean,0.04079968944099378,0.036878125,0.0039215644409937855,0.8233172667852098,24.766783333333333,15.815433333333335,8.951349999999998,0.3613567095823673
6,8100174378713345,TLE00860VR1450018,3,8070755387162881,TLE00900AR1450052,planned_cumulative_ascent_m,131.85500000000002,119.89599999999996,11.95900000000006,0.6410628478727209,24.766783333333333,15.815433333333335,8.951349999999998,0.3613567095823673
6,8100174378713345,TLE00860VR1450018,3,8070755387162881,TLE00900AR1450052,fleet_prev60m_speed_mean,3.241219539459726,3.3506746666647103,0.1094551272049844,0.4870179701676166,24.766783333333333,15.815433333333335,8.951349999999998,0.3613567095823673
6,8100174378713345,TLE00860VR1450018,3,8070755387162881,TLE00900AR1450052,endpoint_altitude_change_m,132.0073,122.73519999999996,9.272100000000023,0.3979168909794971,24.766783333333333,15.815433333333335,8.951349999999998,0.3613567095823673
6,8100174378713345,TLE00860VR1450018,3,8070755387162881,TLE00900AR1450052,similar_task_actual_distance_km,3.25,3.0,0.25,0.37670739547367416,24.766783333333333,15.815433333333335,8.951349999999998,0.3613567095823673
6,8100174378713345,TLE00860VR1450018,4,8097329613668609,TLE00900AR1450052,endpoint_altitude_change_m,132.0073,115.07400000000007,16.933299999999917,0.7267011885142597,24.766783333333333,16.68315,8.083633333333331,0.36307960236185055
6,8100174378713345,TLE00860VR1450018,4,8097329613668609,TLE00900AR1450052,similar_task_energy_soc_delta_pct,12.400000000000006,10.799999999999997,1.6000000000000085,0.65899671852065,24.766783333333333,16.68315,8.083633333333331,0.36307960236185055
6,8100174378713345,TLE00860VR1450018,4,8097329613668609,TLE00900AR1450052,planned_cumulative_ascent_m,131.85500000000002,120.10399999999993,11.75100000000009,0.629912996517465,24.766783333333333,16.68315,8.083633333333331,0.36307960236185055
6,8100174378713345,TLE00860VR1450018,4,8097329613668609,TLE00900AR1450052,similar_top3_od_distance_mean_m,46.9812939401595,73.46333854811569,26.482044607956183,0.42507357288096803,24.766783333333333,16.68315,8.083633333333331,0.36307960236185055
6,8100174378713345,TLE00860VR1450018,4,8097329613668609,TLE00900AR1450052,vehicle_prev1_duration_sec,1007.011,941.988,65.02299999999991,0.33460806191724246,24.766783333333333,16.68315,8.083633333333331,0.36307960236185055
6,8100174378713345,TLE00860VR1450018,5,8094134211379457,TLE00860VR1450004,endpoint_altitude_change_m,132.0073,114.76049999999998,17.246800000000007,0.7401552005851076,24.766783333333333,17.132783333333336,7.633999999999997,0.37052095876334307
6,8100174378713345,TLE00860VR1450018,5,8094134211379457,TLE00860VR1450004,similar_task_energy_soc_delta_pct,12.400000000000006,10.800000000000004,1.6000000000000014,0.6589967185206471,24.766783333333333,17.132783333333336,7.633999999999997,0.37052095876334307
6,8100174378713345,TLE00860VR1450018,5,8094134211379457,TLE00860VR1450004,planned_cumulative_ascent_m,131.85500000000002,120.27999999999997,11.575000000000045,0.6204785069091678,24.766783333333333,17.132783333333336,7.633999999999997,0.37052095876334307
6,8100174378713345,TLE00860VR1450018,5,8094134211379457,TLE00860VR1450004,fleet_prev60m_speed_mean,3.241219539459726,3.3483240522550366,0.10710451279531075,0.4765589675819992,24.766783333333333,17.132783333333336,7.633999999999997,0.37052095876334307
6,8100174378713345,TLE00860VR1450018,5,8094134211379457,TLE00860VR1450004,planned_slope_mean,0.04079968944099378,0.03878747308195751,0.00201221635903627,0.4224570315826295,24.766783333333333,17.132783333333336,7.633999999999997,0.37052095876334307
7,8102313797828865,TLE00900AR1450049,1,8094092946718977,TLE00900AR1450052,planned_slope_mean,0.03635950920245396,0.03467617647058823,0.0016833327318657304,0.3534091877726636,25.86685,19.01578333333333,6.851066666666668,0.1854675338437734
7,8102313797828865,TLE00900AR1450049,1,8094092946718977,TLE00900AR1450052,fleet_prev60m_speed_mean,3.5140814882725455,3.447655528773853,0.06642595949869268,0.2955607177807604,25.86685,19.01578333333333,6.851066666666668,0.1854675338437734
7,8102313797828865,TLE00900AR1450049,1,8094092946718977,TLE00900AR1450052,vehicle_prev1_duration_sec,1469.992,1524.802,54.809999999999945,0.28205201042222083,25.86685,19.01578333333333,6.851066666666668,0.1854675338437734
7,8102313797828865,TLE00900AR1450049,1,8094092946718977,TLE00900AR1450052,similar_task_duration_min,18.516483333333333,17.652783333333332,0.8637000000000015,0.26311695309370386,25.86685,19.01578333333333,6.851066666666668,0.1854675338437734
7,8102313797828865,TLE00900AR1450049,1,8094092946718977,TLE00900AR1450052,similar_top3_duration_mean_sec,1087.7296666666668,1046.6613333333335,41.068333333333385,0.22873070843949006,25.86685,19.01578333333333,6.851066666666668,0.1854675338437734
7,8102313797828865,TLE00900AR1450049,2,8095659208605953,TLE00860ER1450011,vehicle_prev1_duration_sec,1469.992,1327.005,142.98699999999985,0.7358104509075367,25.86685,17.433283333333335,8.433566666666664,0.2455259191300586
7,8102313797828865,TLE00900AR1450049,2,8095659208605953,TLE00860ER1450011,similar_task_duration_min,18.516483333333333,17.416616666666666,1.0998666666666672,0.33506259828952345,25.86685,17.433283333333335,8.433566666666664,0.2455259191300586
7,8102313797828865,TLE00900AR1450049,2,8095659208605953,TLE00860ER1450011,planned_slope_mean,0.03635950920245396,0.03491921316160614,0.0014402960408478188,0.3023845757362793,25.86685,17.433283333333335,8.433566666666664,0.2455259191300586
7,8102313797828865,TLE00900AR1450049,2,8095659208605953,TLE00860ER1450011,similar_task_actual_distance_km,3.375,3.5,0.125,0.18835369773683697,25.86685,17.433283333333335,8.433566666666664,0.2455259191300586
7,8102313797828865,TLE00900AR1450049,2,8095659208605953,TLE00860ER1450011,similar_task_energy_soc_delta_pct,13.200000000000003,12.799999999999997,0.4000000000000057,0.1647491796301639,25.86685,17.433283333333335,8.433566666666664,0.2455259191300586
7,8102313797828865,TLE00900AR1450049,3,8094042902315265,TLE00860ER1450011,vehicle_prev1_duration_sec,1469.992,1293.881,176.11099999999988,0.9062664040771347,25.86685,17.983600000000003,7.883249999999997,0.3016508014328713
7,8102313797828865,TLE00900AR1450049,3,8094042902315265,TLE00860ER1450011,planned_slope_mean,0.03635950920245396,0.03434558365090697,0.0020139255515469884,0.4228158699308213,25.86685,17.983600000000003,7.883249999999997,0.3016508014328713
7,8102313797828865,TLE00900AR1450049,3,8094042902315265,TLE00860ER1450011,similar_task_energy_soc_delta_pct,13.200000000000003,14.0,0.7999999999999972,0.3294983592603221,25.86685,17.983600000000003,7.883249999999997,0.3016508014328713
7,8102313797828865,TLE00900AR1450049,3,8094042902315265,TLE00860ER1450011,straight_line_distance_m,2840.9052865238828,2725.333309037264,115.57197748661883,0.3070571360235955,25.86685,17.983600000000003,7.883249999999997,0.3016508014328713
7,8102313797828865,TLE00900AR1450049,3,8094042902315265,TLE00860ER1450011,similar_task_duration_min,18.516483333333333,19.43245,0.9159666666666659,0.2790394332160808,25.86685,17.983600000000003,7.883249999999997,0.3016508014328713
7,8102313797828865,TLE00900AR1450049,4,8096844386304257,TLE00860CR1450020,endpoint_altitude_change_m,131.36940000000004,114.83069999999998,16.538700000000063,0.7097667286636917,25.86685,19.200116666666666,6.666733333333333,0.3021147984679244
7,8102313797828865,TLE00900AR1450049,4,8096844386304257,TLE00860CR1450020,fleet_prev60m_speed_mean,3.5140814882725455,3.3920505368480063,0.12203095142453924,0.5429737991999312,25.86685,19.200116666666666,6.666733333333333,0.3021147984679244
7,8102313797828865,TLE00900AR1450049,4,8096844386304257,TLE00860CR1450020,similar_top3_od_distance_mean_m,39.334374371380015,60.60838878646286,21.274014415082846,0.3414774595698561,25.86685,19.200116666666666,6.666733333333333,0.3021147984679244
7,8102313797828865,TLE00900AR1450049,4,8096844386304257,TLE00860CR1450020,similar_task_energy_soc_delta_pct,13.200000000000003,12.399999999999991,0.8000000000000114,0.3294983592603279,25.86685,19.200116666666666,6.666733333333333,0.3021147984679244
7,8102313797828865,TLE00900AR1450049,4,8096844386304257,TLE00860CR1450020,straight_line_distance_m,2840.9052865238828,2964.1631083031175,123.25782177923475,0.32747725331965194,25.86685,19.200116666666666,6.666733333333333,0.3021147984679244
7,8102313797828865,TLE00900AR1450049,5,8095034922270977,TLE00900JR1450046,vehicle_prev1_duration_sec,1469.992,1329.116,140.87599999999998,0.724947254519993,25.86685,16.6833,9.18355,0.3056881249126946
7,8102313797828865,TLE00900AR1450049,5,8095034922270977,TLE00900JR1450046,fleet_prev60m_speed_mean,3.5140814882725455,3.3588819516510275,0.15519953662151798,0.6905566255915361,25.86685,16.6833,9.18355,0.3056881249126946
7,8102313797828865,TLE00900AR1450049,5,8095034922270977,TLE00900JR1450046,similar_task_energy_soc_delta_pct,13.200000000000003,12.400000000000006,0.7999999999999972,0.329498359260322,25.86685,16.6833,9.18355,0.3056881249126946
7,8102313797828865,TLE00900AR1450049,5,8095034922270977,TLE00900JR1450046,planned_slope_mean,0.03635950920245396,0.034927121491513266,0.0014323877109406954,0.3007242524999949,25.86685,16.6833,9.18355,0.3056881249126946
7,8102313797828865,TLE00900AR1450049,5,8095034922270977,TLE00900JR1450046,similar_top3_od_distance_mean_m,39.334374371380015,55.74413003581592,16.409755664435906,0.2633993550592322,25.86685,16.6833,9.18355,0.3056881249126946
8,8101236806615297,TLE00900JR1450046,1,8098044756459777,TLE00860HR1450010,vehicle_prev1_duration_sec,1190.984,1290.0,99.01600000000008,0.5095358851298425,28.83335,19.866533333333333,8.966816666666666,0.2506661513438487
8,8101236806615297,TLE00900JR1450046,1,8098044756459777,TLE00860HR1450010,similar_task_energy_soc_delta_pct,12.0,13.200000000000003,1.2000000000000028,0.4942475388904859,28.83335,19.866533333333333,8.966816666666666,0.2506661513438487
8,8101236806615297,TLE00900JR1450046,1,8098044756459777,TLE00860HR1450010,fleet_prev60m_speed_mean,2.8055256673513687,2.9091494002293827,0.10362373287801407,0.4610713206054684,28.83335,19.866533333333333,8.966816666666666,0.2506661513438487
8,8101236806615297,TLE00900JR1450046,1,8098044756459777,TLE00860HR1450010,similar_task_actual_distance_km,4.0,3.75,0.25,0.37670739547367393,28.83335,19.866533333333333,8.966816666666666,0.2506661513438487
8,8101236806615297,TLE00900JR1450046,1,8098044756459777,TLE00860HR1450010,similar_top3_duration_mean_sec,1267.262,1232.0036666666667,35.25833333333321,0.19637182488687108,28.83335,19.866533333333333,8.966816666666666,0.2506661513438487
8,8101236806615297,TLE00900JR1450046,2,8098102264316161,TLE00860VR1450004,similar_task_energy_soc_delta_pct,12.0,14.0,2.0,0.823745898150808,28.83335,21.733066666666666,7.1002833333333335,0.3130509583903667
8,8101236806615297,TLE00900JR1450046,2,8098102264316161,TLE00860VR1450004,fleet_prev60m_speed_mean,2.8055256673513687,2.942232318375799,0.13670665102443014,0.6082729735048793,28.83335,21.733066666666666,7.1002833333333335,0.3130509583903667
8,8101236806615297,TLE00900JR1450046,2,8098102264316161,TLE00860VR1450004,similar_task_duration_min,20.633066666666664,21.96646666666667,1.3334000000000046,0.4062060266934646,28.83335,21.733066666666666,7.1002833333333335,0.3130509583903667
8,8101236806615297,TLE00900JR1450046,2,8098102264316161,TLE00860VR1450004,vehicle_prev1_duration_sec,1190.984,1260.98,69.9960000000001,0.36019909727264765,28.83335,21.733066666666666,7.1002833333333335,0.3130509583903667
8,8101236806615297,TLE00900JR1450046,2,8098102264316161,TLE00860VR1450004,similar_top3_od_distance_mean_m,52.13194390183364,34.32819901771987,17.80374488411377,0.28577481688395834,28.83335,21.733066666666666,7.1002833333333335,0.3130509583903667
8,8101236806615297,TLE00900JR1450046,3,8098089885221121,TLE00900AR1450052,similar_task_energy_soc_delta_pct,12.0,14.400000000000006,2.4000000000000057,0.988495077780972,28.83335,24.200216666666666,4.633133333333333,0.3413660714093867
8,8101236806615297,TLE00900JR1450046,3,8098089885221121,TLE00900AR1450052,fleet_prev60m_speed_mean,2.8055256673513687,2.9734040069101826,0.16787833955881393,0.746970655965034,28.83335,24.200216666666666,4.633133333333333,0.3413660714093867
8,8101236806615297,TLE00900JR1450046,3,8098089885221121,TLE00900AR1450052,similar_task_duration_min,20.633066666666664,21.5,0.8669333333333356,0.26410195345841747,28.83335,24.200216666666666,4.633133333333333,0.3413660714093867
8,8101236806615297,TLE00900JR1450046,3,8098089885221121,TLE00900AR1450052,similar_top3_duration_mean_sec,1267.262,1309.6503333333333,42.38833333333332,0.23608246855815673,28.83335,24.200216666666666,4.633133333333333,0.3413660714093867
8,8101236806615297,TLE00900JR1450046,3,8098089885221121,TLE00900AR1450052,similar_top3_od_distance_mean_m,52.13194390183364,37.981018354598454,14.150925547235182,0.2271419964351485,28.83335,24.200216666666666,4.633133333333333,0.3413660714093867
8,8101236806615297,TLE00900JR1450046,4,8095885889470721,TLE00860ER1450011,fleet_prev60m_speed_mean,2.8055256673513687,3.0172158524375465,0.21169018508617787,0.9419104145939226,28.83335,23.133066666666664,5.700283333333335,0.36229009689182656
8,8101236806615297,TLE00900JR1450046,4,8095885889470721,TLE00860ER1450011,similar_task_energy_soc_delta_pct,12.0,14.0,2.0,0.823745898150808,28.83335,23.133066666666664,5.700283333333335,0.36229009689182656
8,8101236806615297,TLE00900JR1450046,4,8095885889470721,TLE00860ER1450011,similar_top3_od_distance_mean_m,52.13194390183364,26.751650048110335,25.380293853723302,0.40738894405191717,28.83335,23.133066666666664,5.700283333333335,0.36229009689182656
8,8101236806615297,TLE00900JR1450046,4,8095885889470721,TLE00860ER1450011,straight_line_distance_m,2404.2022997631093,2284.5717397546277,119.63056000848155,0.31784017143218224,28.83335,23.133066666666664,5.700283333333335,0.36229009689182656
8,8101236806615297,TLE00900JR1450046,4,8095885889470721,TLE00860ER1450011,planned_cumulative_ascent_m,135.41200000000003,139.58799999999997,4.175999999999931,0.22385470797862905,28.83335,23.133066666666664,5.700283333333335,0.36229009689182656
8,8101236806615297,TLE00900JR1450046,5,8091950441578752,TLE00860CR1450020,similar_task_energy_soc_delta_pct,12.0,14.799999999999997,2.799999999999997,1.1532442574111301,28.83335,20.33353333333333,8.499816666666668,0.38485702180287185
8,8101236806615297,TLE00900JR1450046,5,8091950441578752,TLE00860CR1450020,similar_top3_duration_mean_sec,1267.262,1177.296,89.9659999999999,0.5010670082090933,28.83335,20.33353333333333,8.499816666666668,0.38485702180287185
8,8101236806615297,TLE00900JR1450046,5,8091950441578752,TLE00860CR1450020,endpoint_altitude_change_m,149.69910000000004,140.67790000000002,9.021200000000022,0.3871493897719221,28.83335,20.33353333333333,8.499816666666668,0.38485702180287185
8,8101236806615297,TLE00900JR1450046,5,8091950441578752,TLE00860CR1450020,similar_task_actual_distance_km,4.0,4.25,0.25,0.37670739547367393,28.83335,20.33353333333333,8.499816666666668,0.38485702180287185
8,8101236806615297,TLE00900JR1450046,5,8091950441578752,TLE00860CR1450020,similar_task_duration_min,20.633066666666664,19.51605,1.1170166666666645,0.3402871620796778,28.83335,20.33353333333333,8.499816666666668,0.38485702180287185
9,8100402036621569,TLE00860VR1450004,1,8096714553000193,TLE00900AR1450052,planned_cumulative_descent_m,4.082000000000107,0.7019999999998845,3.380000000000223,0.8942166033991381,29.78311666666667,22.149733333333334,7.6333833333333345,0.4009277925363302
9,8100402036621569,TLE00860VR1450004,1,8096714553000193,TLE00900AR1450052,similar_top3_od_distance_mean_m,95.17671419299002,43.572805624298574,51.603908568691445,0.8283143584512448,29.78311666666667,22.149733333333334,7.6333833333333345,0.4009277925363302
9,8100402036621569,TLE00860VR1450004,1,8096714553000193,TLE00900AR1450052,planned_total_distance_m,4303.638249107126,4572.380777780716,268.74252867358973,0.5415276349384303,29.78311666666667,22.149733333333334,7.6333833333333345,0.4009277925363302
9,8100402036621569,TLE00860VR1450004,1,8096714553000193,TLE00900AR1450052,planned_slope_mean,0.04408285909093186,0.041580324074074096,0.0025025350168577654,0.5253975348653157,29.78311666666667,22.149733333333334,7.6333833333333345,0.4009277925363302
9,8100402036621569,TLE00860VR1450004,1,8096714553000193,TLE00900AR1450052,vehicle_prev1_duration_sec,999.011,1070.02,71.00900000000001,0.36541199065994345,29.78311666666667,22.149733333333334,7.6333833333333345,0.4009277925363302
9,8100402036621569,TLE00860VR1450004,2,8096688221323521,TLE00860VR1450004,planned_cumulative_descent_m,4.082000000000107,1.4030000000001337,2.6789999999999736,0.7087592545876064,29.78311666666667,24.8333,4.949816666666667,0.4030402052825187
9,8100402036621569,TLE00860VR1450004,2,8096688221323521,TLE00860VR1450004,vehicle_prev1_duration_sec,999.011,1135.007,135.9960000000001,0.699834796741113,29.78311666666667,24.8333,4.949816666666667,0.4030402052825187
9,8100402036621569,TLE00860VR1450004,2,8096688221323521,TLE00860VR1450004,planned_slope_mean,0.04408285909093186,0.04095547945205479,0.003127379638877069,0.6565812433334601,29.78311666666667,24.8333,4.949816666666667,0.4030402052825187
9,8100402036621569,TLE00860VR1450004,2,8096688221323521,TLE00860VR1450004,planned_total_distance_m,4303.638249107126,4623.132036313116,319.49378720599,0.6437935812285324,29.78311666666667,24.8333,4.949816666666667,0.4030402052825187
9,8100402036621569,TLE00860VR1450004,2,8096688221323521,TLE00860VR1450004,similar_task_energy_soc_delta_pct,17.200000000000003,18.4,1.1999999999999957,0.494247538890483,29.78311666666667,24.8333,4.949816666666667,0.4030402052825187
9,8100402036621569,TLE00860VR1450004,3,8097342013276417,TLE00860HR1450010,planned_cumulative_descent_m,4.082000000000107,0.36599999999987176,3.7160000000002356,0.9831091414885174,29.78311666666667,23.616766666666667,6.166350000000001,0.411396254769843
9,8100402036621569,TLE00860VR1450004,3,8097342013276417,TLE00860HR1450010,fleet_prev60m_speed_mean,3.368489654374948,3.5854193993195906,0.2169297449446428,0.9652237108460247,29.78311666666667,23.616766666666667,6.166350000000001,0.411396254769843
9,8100402036621569,TLE00860VR1450004,3,8097342013276417,TLE00860HR1450010,planned_slope_std,0.034854096351084426,0.03240017682365539,0.002453919527429037,0.447743153191719,29.78311666666667,23.616766666666667,6.166350000000001,0.411396254769843
9,8100402036621569,TLE00860VR1450004,3,8097342013276417,TLE00860HR1450010,vehicle_prev1_duration_sec,999.011,933.994,65.01699999999994,0.33457718594456365,29.78311666666667,23.616766666666667,6.166350000000001,0.411396254769843
9,8100402036621569,TLE00860VR1450004,3,8097342013276417,TLE00860HR1450010,similar_top3_od_distance_mean_m,95.17671419299002,77.71257451815207,17.464139674837952,0.28032368190503415,29.78311666666667,23.616766666666667,6.166350000000001,0.411396254769843
9,8100402036621569,TLE00860VR1450004,4,8097526999122177,TLE00860VR1450004,planned_cumulative_descent_m,4.082000000000107,0.5890000000000555,3.493000000000052,0.9241120105541508,29.78311666666667,24.983416666666667,4.799700000000001,0.41461722821028896
9,8100402036621569,TLE00860VR1450004,4,8097526999122177,TLE00860VR1450004,similar_task_duration_min,21.87965,24.533516666666667,2.6538666666666657,0.8084720519280723,29.78311666666667,24.983416666666667,4.799700000000001,0.41461722821028896
9,8100402036621569,TLE00860VR1450004,4,8097526999122177,TLE00860VR1450004,similar_top3_od_distance_mean_m,95.17671419299002,135.6096822174127,40.43296802442269,0.6490052575154898,29.78311666666667,24.983416666666667,4.799700000000001,0.41461722821028896
9,8100402036621569,TLE00860VR1450004,4,8097526999122177,TLE00860VR1450004,similar_top3_duration_mean_sec,1353.9263333333336,1436.0076666666666,82.08133333333308,0.45715323703561983,29.78311666666667,24.983416666666667,4.799700000000001,0.41461722821028896
9,8100402036621569,TLE00860VR1450004,4,8097526999122177,TLE00860VR1450004,planned_slope_std,0.034854096351084426,0.033026193087656745,0.0018279032634276812,0.33351997151838586,29.78311666666667,24.983416666666667,4.799700000000001,0.41461722821028896
9,8100402036621569,TLE00860VR1450004,5,8096833066860801,TLE00900AR1450049,similar_task_duration_min,21.87965,24.8333,2.9536499999999997,0.8997978331657023,29.78311666666667,23.233333333333334,6.549783333333334,0.42329370004982125
9,8100402036621569,TLE00860VR1450004,5,8096833066860801,TLE00900AR1450049,fleet_prev60m_speed_mean,3.368489654374948,3.1753715277839176,0.19311812659103023,0.8592744845912837,29.78311666666667,23.233333333333334,6.549783333333334,0.42329370004982125
9,8100402036621569,TLE00860VR1450004,5,8096833066860801,TLE00900AR1450049,similar_task_energy_soc_delta_pct,17.200000000000003,18.800000000000004,1.6000000000000014,0.6589967185206469,29.78311666666667,23.233333333333334,6.549783333333334,0.42329370004982125
9,8100402036621569,TLE00860VR1450004,5,8096833066860801,TLE00900AR1450049,similar_top3_od_distance_mean_m,95.17671419299002,62.16544175892195,33.01127243406807,0.5298767420201583,29.78311666666667,23.233333333333334,6.549783333333334,0.42329370004982125
9,8100402036621569,TLE00860VR1450004,5,8096833066860801,TLE00900AR1450049,vehicle_prev1_duration_sec,999.011,1073.983,74.97199999999998,0.3858055706143907,29.78311666666667,23.233333333333334,6.549783333333334,0.42329370004982125
10,8102543468839169,TLE00860VR1450004,1,8085995157405953,TLE00900VR1450048,straight_line_distance_m,2860.623431699267,2629.26272808447,231.36070361479688,0.6146901401647189,24.116600000000002,17.1,7.0166,0.24971844640472027
10,8102543468839169,TLE00860VR1450004,1,8085995157405953,TLE00900VR1450048,similar_task_energy_soc_delta_pct,11.599999999999994,12.799999999999997,1.2000000000000028,0.4942475388904861,24.116600000000002,17.1,7.0166,0.24971844640472027
10,8102543468839169,TLE00860VR1450004,1,8085995157405953,TLE00900VR1450048,similar_task_duration_min,15.783266666666666,16.716416666666667,0.9331500000000013,0.2842741516491718,24.116600000000002,17.1,7.0166,0.24971844640472027
10,8102543468839169,TLE00860VR1450004,1,8085995157405953,TLE00900VR1450048,similar_top3_duration_mean_sec,1002.0,957.689,44.311000000000035,0.2467907898623165,24.116600000000002,17.1,7.0166,0.24971844640472027
10,8102543468839169,TLE00860VR1450004,1,8085995157405953,TLE00900VR1450048,similar_task_actual_distance_km,3.375,3.25,0.125,0.18835369773683697,24.116600000000002,17.1,7.0166,0.24971844640472027
10,8102543468839169,TLE00860VR1450004,2,8095166793842945,TLE00900AR1450049,planned_cumulative_descent_m,1.3220000000001164,3.919999999999959,2.5979999999998427,0.6873298034410257,24.116600000000002,17.267166666666665,6.849433333333337,0.2964495143868022
10,8102543468839169,TLE00860VR1450004,2,8095166793842945,TLE00900AR1450049,planned_slope_std,0.03355986798478301,0.03636108321936075,0.002801215234577735,0.5111108689096104,24.116600000000002,17.267166666666665,6.849433333333337,0.2964495143868022
10,8102543468839169,TLE00860VR1450004,2,8095166793842945,TLE00900AR1450049,similar_task_duration_min,15.783266666666666,17.239633333333334,1.4563666666666677,0.4436665044813788,24.116600000000002,17.267166666666665,6.849433333333337,0.2964495143868022
10,8102543468839169,TLE00860VR1450004,2,8095166793842945,TLE00900AR1450049,similar_task_energy_soc_delta_pct,11.599999999999994,12.400000000000006,0.8000000000000114,0.329498359260328,24.116600000000002,17.267166666666665,6.849433333333337,0.2964495143868022
10,8102543468839169,TLE00860VR1450004,2,8095166793842945,TLE00900AR1450049,planned_slope_mean,0.03915946567155958,0.03769112179456409,0.001468343876995494,0.3082731103106318,24.116600000000002,17.267166666666665,6.849433333333337,0.2964495143868022
10,8102543468839169,TLE00860VR1450004,3,8097734615023873,TLE00900VR1450048,straight_line_distance_m,2860.623431699267,2641.674725234176,218.9487064650907,0.5817133547881507,24.116600000000002,15.9337,8.182900000000002,0.3121544463833911
10,8102543468839169,TLE00860VR1450004,3,8097734615023873,TLE00900VR1450048,planned_cumulative_descent_m,1.3220000000001164,3.4839999999999236,2.161999999999807,0.5719811528250404,24.116600000000002,15.9337,8.182900000000002,0.3121544463833911
10,8102543468839169,TLE00860VR1450004,3,8097734615023873,TLE00900VR1450048,similar_task_energy_soc_delta_pct,11.599999999999994,12.799999999999997,1.2000000000000028,0.4942475388904861,24.116600000000002,15.9337,8.182900000000002,0.3121544463833911
10,8102543468839169,TLE00860VR1450004,3,8097734615023873,TLE00900VR1450048,planned_slope_std,0.03355986798478301,0.03587309405737305,0.0023132260725900397,0.42207216830451344,24.116600000000002,15.9337,8.182900000000002,0.3121544463833911
10,8102543468839169,TLE00860VR1450004,3,8097734615023873,TLE00900VR1450048,fleet_prev60m_speed_mean,3.410016645328589,3.4952007233264566,0.08518407799786765,0.37902451732048437,24.116600000000002,15.9337,8.182900000000002,0.3121544463833911
10,8102543468839169,TLE00860VR1450004,4,8093791383290113,TLE00860ER1450011,endpoint_altitude_change_m,131.938,114.67289999999991,17.265100000000075,0.7409405543997721,24.116600000000002,17.799083333333332,6.31751666666667,0.3152795213480335
10,8102543468839169,TLE00860VR1450004,4,8093791383290113,TLE00860ER1450011,planned_cumulative_ascent_m,132.211,120.15400000000011,12.056999999999903,0.6463161432227859,24.116600000000002,17.799083333333332,6.31751666666667,0.3152795213480335
10,8102543468839169,TLE00860VR1450004,4,8093791383290113,TLE00860ER1450011,planned_total_distance_m,3561.3715841611756,3269.747373004333,291.62421115684265,0.5876351991551012,24.116600000000002,17.799083333333332,6.31751666666667,0.3152795213480335
10,8102543468839169,TLE00860VR1450004,4,8093791383290113,TLE00860ER1450011,straight_line_distance_m,2860.623431699267,2741.1532574146395,119.47017428462732,0.3174140509997318,24.116600000000002,17.799083333333332,6.31751666666667,0.3152795213480335
10,8102543468839169,TLE00860VR1450004,4,8093791383290113,TLE00860ER1450011,similar_top3_duration_mean_sec,1002.0,969.6709999999999,32.329000000000065,0.18005685823968864,24.116600000000002,17.799083333333332,6.31751666666667,0.3152795213480335
10,8102543468839169,TLE00860VR1450004,5,8093861582848257,TLE00900AR1450049,similar_task_energy_soc_delta_pct,11.599999999999994,13.200000000000003,1.6000000000000085,0.65899671852065,24.116600000000002,16.499866666666666,7.616733333333336,0.3166098291004319
10,8102543468839169,TLE00860VR1450004,5,8093861582848257,TLE00900AR1450049,planned_cumulative_ascent_m,132.211,120.33000000000004,11.880999999999972,0.6368816536144947,24.116600000000002,16.499866666666666,7.616733333333336,0.3166098291004319
10,8102543468839169,TLE00860VR1450004,5,8093861582848257,TLE00900AR1450049,planned_slope_mean,0.03915946567155958,0.03650864197530865,0.0026508236962509354,0.5565301688052118,24.116600000000002,16.499866666666666,7.616733333333336,0.3166098291004319
10,8102543468839169,TLE00860VR1450004,5,8093861582848257,TLE00900AR1450049,planned_total_distance_m,3561.3715841611756,3377.890328272818,183.48125588835774,0.3697225409285202,24.116600000000002,16.499866666666666,7.616733333333336,0.3166098291004319
10,8102543468839169,TLE00860VR1450004,5,8093861582848257,TLE00900AR1450049,vehicle_prev1_duration_sec,1131.999,1193.172,61.173,0.3147959794482491,24.116600000000002,16.499866666666666,7.616733333333336,0.3166098291004319
